BankID,Month,Score
1,1,4
1,2,7
1,3,4
1,4,9
1,5,8
1,6,7
1,7,4
1,8,9
1,9,8
1,10,8
1,11,7
1,12,9
2,1,8
2,2,8
2,3,9
2,4,8
2,5,5
2,6,9
2,7,9
2,8,8
2,9,7
2,10,4
2,11,9
2,12,5
3,1,9
3,2,9
3,3,8
3,4,4
3,5,4
3,6,6
3,7,5
3,8,5
3,9,6
3,10,6
3,11,5
3,12,4
4,1,6
4,2,9
4,3,6
4,4,5
4,5,8
4,6,5
4,7,4
4,8,7
4,9,8
4,10,8
4,11,9
4,12,4
5,1,6
5,2,5
5,3,7
5,4,5
5,5,5
5,6,8
5,7,4
5,8,8
5,9,7
5,10,8
5,11,7
5,12,8
6,1,7
6,2,5
6,3,4
6,4,9
6,5,6
6,6,8
6,7,4
6,8,6
6,9,5
6,10,5
6,11,9
6,12,7
7,1,4
7,2,9
7,3,6
7,4,6
7,5,6
7,6,6
7,7,4
7,8,5
7,9,8
7,10,7
7,11,9
7,12,5
8,1,4
8,2,7
8,3,4
8,4,6
8,5,8
8,6,8
8,7,4
8,8,4
8,9,7
8,10,9
8,11,7
8,12,6
9,1,4
9,2,7
9,3,9
9,4,8
9,5,5
9,6,4
9,7,8
9,8,8
9,9,5
9,10,4
9,11,8
9,12,9
10,1,4
10,2,7
10,3,4
10,4,7
10,5,7
10,6,5
10,7,6
10,8,4
10,9,7
10,10,7
10,11,5
10,12,5
11,1,5
11,2,8
11,3,6
11,4,7
11,5,8
11,6,9
11,7,6
11,8,6
11,9,9
11,10,9
11,11,9
11,12,5
12,1,4
12,2,9
12,3,6
12,4,9
12,5,8
12,6,8
12,7,8
12,8,8
12,9,9
12,10,9
12,11,9
12,12,7
13,1,9
13,2,7
13,3,5
13,4,6
13,5,9
13,6,7
13,7,4
13,8,6
13,9,7
13,10,8
13,11,9
13,12,5
14,1,6
14,2,4
14,3,7
14,4,8
14,5,5
14,6,7
14,7,9
14,8,5
14,9,8
14,10,8
14,11,8
14,12,6
15,1,9
15,2,9
15,3,7
15,4,8
15,5,7
15,6,6
15,7,7
15,8,4
15,9,8
15,10,9
15,11,7
15,12,8
16,1,5
16,2,8
16,3,7
16,4,4
16,5,4
16,6,7
16,7,5
16,8,6
16,9,7
16,10,6
16,11,7
16,12,6
17,1,7
17,2,5
17,3,9
17,4,6
17,5,5
17,6,4
17,7,5
17,8,5
17,9,5
17,10,4
17,11,5
17,12,8
18,1,4
18,2,7
18,3,9
18,4,7
18,5,4
18,6,9
18,7,9
18,8,4
18,9,7
18,10,4
18,11,6
18,12,4
19,1,9
19,2,7
19,3,7
19,4,4
19,5,9
19,6,8
19,7,5
19,8,8
19,9,9
19,10,9
19,11,5
19,12,9
20,1,5
20,2,4
20,3,7
20,4,8
20,5,5
20,6,4
20,7,6
20,8,5
20,9,6
20,10,7
20,11,8
20,12,9
21,1,5
21,2,9
21,3,5
21,4,5
21,5,7
21,6,5
21,7,7
21,8,6
21,9,7
21,10,9
21,11,4
21,12,4
22,1,9
22,2,6
22,3,8
22,4,8
22,5,7
22,6,6
22,7,4
22,8,4
22,9,8
22,10,4
22,11,9
22,12,8
23,1,9
23,2,8
23,3,6
23,4,9
23,5,4
23,6,7
23,7,7
23,8,8
23,9,5
23,10,7
23,11,8
23,12,6
24,1,8
24,2,5
24,3,7
24,4,5
24,5,7
24,6,5
24,7,8
24,8,9
24,9,5
24,10,5
24,11,4
24,12,4
25,1,9
25,2,8
25,3,9
25,4,8
25,5,5
25,6,7
25,7,7
25,8,8
25,9,7
25,10,9
25,11,6
25,12,6
26,1,6
26,2,9
26,3,9
26,4,9
26,5,8
26,6,5
26,7,9
26,8,8
26,9,7
26,10,8
26,11,5
26,12,9
27,1,8
27,2,9
27,3,8
27,4,5
27,5,6
27,6,5
27,7,7
27,8,7
27,9,4
27,10,8
27,11,8
27,12,6
28,1,6
28,2,6
28,3,4
28,4,9
28,5,4
28,6,5
28,7,7
28,8,9
28,9,4
28,10,8
28,11,5
28,12,8
29,1,4
29,2,5
29,3,6
29,4,6
29,5,7
29,6,6
29,7,4
29,8,7
29,9,6
29,10,8
29,11,9
29,12,5
30,1,9
30,2,6
30,3,8
30,4,8
30,5,5
30,6,6
30,7,7
30,8,8
30,9,8
30,10,4
30,11,6
30,12,7
31,1,7
31,2,5
31,3,8
31,4,5
31,5,9
31,6,4
31,7,5
31,8,7
31,9,6
31,10,8
31,11,4
31,12,5
32,1,4
32,2,9
32,3,5
32,4,4
32,5,9
32,6,6
32,7,9
32,8,7
32,9,7
32,10,5
32,11,5
32,12,7
33,1,7
33,2,5
33,3,7
33,4,6
33,5,6
33,6,4
33,7,7
33,8,6
33,9,4
33,10,8
33,11,7
33,12,5
34,1,4
34,2,8
34,3,9
34,4,6
34,5,8
34,6,5
34,7,7
34,8,5
34,9,7
34,10,9
34,11,7
34,12,5
35,1,7
35,2,5
35,3,8
35,4,5
35,5,5
35,6,5
35,7,9
35,8,7
35,9,9
35,10,6
35,11,9
35,12,7
36,1,4
36,2,5
36,3,5
36,4,8
36,5,5
36,6,9
36,7,9
36,8,5
36,9,5
36,10,4
36,11,8
36,12,9
37,1,6
37,2,8
37,3,4
37,4,8
37,5,4
37,6,4
37,7,4
37,8,4
37,9,5
37,10,9
37,11,7
37,12,5
38,1,7
38,2,9
38,3,4
38,4,9
38,5,6
38,6,6
38,7,4
38,8,4
38,9,6
38,10,9
38,11,4
38,12,4
39,1,8
39,2,4
39,3,7
39,4,4
39,5,8
39,6,7
39,7,9
39,8,7
39,9,8
39,10,9
39,11,7
39,12,5
40,1,5
40,2,9
40,3,6
40,4,8
40,5,9
40,6,5
40,7,5
40,8,5
40,9,5
40,10,7
40,11,9
40,12,8
41,1,8
41,2,8
41,3,6
41,4,9
41,5,8
41,6,7
41,7,9
41,8,4
41,9,9
41,10,8
41,11,5
41,12,8
42,1,7
42,2,4
42,3,4
42,4,7
42,5,5
42,6,4
42,7,8
42,8,5
42,9,7
42,10,5
42,11,9
42,12,4
43,1,8
43,2,5
43,3,7
43,4,9
43,5,8
43,6,9
43,7,7
43,8,9
43,9,9
43,10,5
43,11,8
43,12,8
44,1,8
44,2,9
44,3,6
44,4,6
44,5,4
44,6,5
44,7,4
44,8,5
44,9,6
44,10,7
44,11,9
44,12,9
45,1,9
45,2,4
45,3,7
45,4,9
45,5,4
45,6,8
45,7,8
45,8,9
45,9,9
45,10,8
45,11,4
45,12,5
46,1,6
46,2,4
46,3,8
46,4,6
46,5,5
46,6,5
46,7,8
46,8,6
46,9,7
46,10,5
46,11,9
46,12,4
47,1,4
47,2,5
47,3,8
47,4,9
47,5,6
47,6,9
47,7,7
47,8,9
47,9,6
47,10,7
47,11,7
47,12,6
48,1,7
48,2,7
48,3,5
48,4,8
48,5,5
48,6,5
48,7,5
48,8,7
48,9,9
48,10,5
48,11,4
48,12,4
49,1,6
49,2,4
49,3,9
49,4,9
49,5,7
49,6,6
49,7,4
49,8,4
49,9,8
49,10,8
49,11,5
49,12,7
50,1,7
50,2,8
50,3,9
50,4,4
50,5,7
50,6,4
50,7,8
50,8,7
50,9,4
50,10,5
50,11,5
50,12,9
51,1,4
51,2,9
51,3,4
51,4,6
51,5,7
51,6,7
51,7,8
51,8,5
51,9,8
51,10,5
51,11,9
51,12,7
52,1,7
52,2,5
52,3,7
52,4,5
52,5,6
52,6,4
52,7,7
52,8,9
52,9,8
52,10,8
52,11,9
52,12,8
53,1,6
53,2,6
53,3,9
53,4,7
53,5,7
53,6,6
53,7,7
53,8,5
53,9,6
53,10,6
53,11,5
53,12,8
54,1,6
54,2,4
54,3,8
54,4,8
54,5,7
54,6,4
54,7,4
54,8,7
54,9,4
54,10,5
54,11,7
54,12,7
55,1,9
55,2,8
55,3,7
55,4,9
55,5,6
55,6,5
55,7,4
55,8,7
55,9,4
55,10,5
55,11,6
55,12,9
56,1,7
56,2,8
56,3,7
56,4,5
56,5,8
56,6,4
56,7,5
56,8,8
56,9,5
56,10,7
56,11,9
56,12,9
57,1,7
57,2,5
57,3,6
57,4,9
57,5,9
57,6,4
57,7,4
57,8,5
57,9,4
57,10,7
57,11,7
57,12,8
58,1,6
58,2,6
58,3,9
58,4,8
58,5,8
58,6,8
58,7,9
58,8,6
58,9,5
58,10,6
58,11,6
58,12,5
59,1,9
59,2,9
59,3,8
59,4,8
59,5,5
59,6,8
59,7,8
59,8,6
59,9,7
59,10,7
59,11,6
59,12,7
60,1,6
60,2,7
60,3,9
60,4,9
60,5,8
60,6,9
60,7,8
60,8,8
60,9,4
60,10,9
60,11,9
60,12,6
61,1,7
61,2,5
61,3,7
61,4,8
61,5,6
61,6,9
61,7,6
61,8,8
61,9,6
61,10,6
61,11,4
61,12,4
62,1,9
62,2,4
62,3,7
62,4,7
62,5,7
62,6,5
62,7,7
62,8,4
62,9,8
62,10,4
62,11,7
62,12,6
63,1,8
63,2,5
63,3,6
63,4,7
63,5,5
63,6,4
63,7,7
63,8,7
63,9,8
63,10,7
63,11,5
63,12,9
64,1,4
64,2,9
64,3,7
64,4,7
64,5,4
64,6,4
64,7,4
64,8,8
64,9,5
64,10,9
64,11,5
64,12,7
65,1,6
65,2,7
65,3,7
65,4,6
65,5,8
65,6,6
65,7,8
65,8,5
65,9,4
65,10,7
65,11,5
65,12,9
66,1,9
66,2,5
66,3,4
66,4,8
66,5,4
66,6,5
66,7,8
66,8,6
66,9,6
66,10,5
66,11,5
66,12,5
67,1,8
67,2,7
67,3,4
67,4,6
67,5,6
67,6,9
67,7,6
67,8,8
67,9,8
67,10,9
67,11,9
67,12,6
68,1,9
68,2,6
68,3,6
68,4,6
68,5,6
68,6,4
68,7,7
68,8,9
68,9,9
68,10,6
68,11,9
68,12,7
69,1,9
69,2,7
69,3,4
69,4,6
69,5,5
69,6,4
69,7,5
69,8,5
69,9,6
69,10,5
69,11,8
69,12,5
70,1,4
70,2,5
70,3,4
70,4,8
70,5,8
70,6,9
70,7,5
70,8,4
70,9,4
70,10,4
70,11,4
70,12,4
71,1,5
71,2,7
71,3,8
71,4,5
71,5,9
71,6,4
71,7,7
71,8,7
71,9,8
71,10,4
71,11,8
71,12,6
72,1,4
72,2,5
72,3,8
72,4,7
72,5,7
72,6,9
72,7,4
72,8,9
72,9,4
72,10,7
72,11,4
72,12,8
73,1,8
73,2,6
73,3,5
73,4,6
73,5,8
73,6,6
73,7,6
73,8,7
73,9,4
73,10,5
73,11,8
73,12,8
74,1,7
74,2,6
74,3,7
74,4,6
74,5,6
74,6,6
74,7,5
74,8,9
74,9,8
74,10,5
74,11,8
74,12,9
75,1,7
75,2,8
75,3,8
75,4,5
75,5,5
75,6,6
75,7,9
75,8,5
75,9,8
75,10,8
75,11,7
75,12,6
76,1,5
76,2,8
76,3,5
76,4,7
76,5,5
76,6,5
76,7,8
76,8,6
76,9,4
76,10,5
76,11,9
76,12,5
77,1,8
77,2,6
77,3,4
77,4,8
77,5,8
77,6,8
77,7,8
77,8,9
77,9,8
77,10,8
77,11,8
77,12,4
78,1,9
78,2,9
78,3,7
78,4,4
78,5,9
78,6,4
78,7,9
78,8,9
78,9,8
78,10,9
78,11,6
78,12,9
79,1,4
79,2,6
79,3,4
79,4,6
79,5,8
79,6,9
79,7,9
79,8,9
79,9,6
79,10,4
79,11,7
79,12,5
80,1,9
80,2,6
80,3,9
80,4,4
80,5,6
80,6,4
80,7,7
80,8,8
80,9,4
80,10,5
80,11,9
80,12,9
81,1,4
81,2,7
81,3,7
81,4,5
81,5,9
81,6,6
81,7,4
81,8,4
81,9,9
81,10,7
81,11,5
81,12,8
82,1,9
82,2,6
82,3,9
82,4,7
82,5,4
82,6,6
82,7,6
82,8,4
82,9,8
82,10,8
82,11,4
82,12,6
83,1,4
83,2,9
83,3,4
83,4,8
83,5,4
83,6,9
83,7,5
83,8,4
83,9,5
83,10,6
83,11,7
83,12,6
84,1,4
84,2,8
84,3,8
84,4,7
84,5,9
84,6,5
84,7,6
84,8,6
84,9,7
84,10,9
84,11,6
84,12,4
85,1,4
85,2,9
85,3,9
85,4,6
85,5,4
85,6,7
85,7,8
85,8,6
85,9,4
85,10,4
85,11,5
85,12,7
86,1,4
86,2,9
86,3,5
86,4,5
86,5,6
86,6,9
86,7,4
86,8,4
86,9,7
86,10,4
86,11,6
86,12,4
87,1,9
87,2,4
87,3,6
87,4,5
87,5,4
87,6,8
87,7,9
87,8,6
87,9,7
87,10,6
87,11,4
87,12,6
88,1,7
88,2,6
88,3,7
88,4,7
88,5,7
88,6,4
88,7,4
88,8,5
88,9,5
88,10,7
88,11,8
88,12,8
89,1,5
89,2,6
89,3,6
89,4,6
89,5,8
89,6,6
89,7,9
89,8,8
89,9,4
89,10,6
89,11,9
89,12,9
90,1,5
90,2,9
90,3,4
90,4,8
90,5,6
90,6,9
90,7,9
90,8,8
90,9,7
90,10,4
90,11,9
90,12,9
91,1,8
91,2,4
91,3,5
91,4,9
91,5,4
91,6,4
91,7,8
91,8,8
91,9,7
91,10,8
91,11,4
91,12,5
92,1,7
92,2,9
92,3,4
92,4,5
92,5,6
92,6,6
92,7,5
92,8,8
92,9,8
92,10,6
92,11,9
92,12,8
93,1,4
93,2,6
93,3,9
93,4,8
93,5,7
93,6,5
93,7,9
93,8,7
93,9,5
93,10,9
93,11,9
93,12,4
94,1,6
94,2,5
94,3,7
94,4,4
94,5,5
94,6,8
94,7,9
94,8,6
94,9,7
94,10,4
94,11,4
94,12,6
95,1,8
95,2,9
95,3,7
95,4,4
95,5,5
95,6,9
95,7,7
95,8,6
95,9,9
95,10,4
95,11,5
95,12,6
96,1,9
96,2,7
96,3,9
96,4,9
96,5,5
96,6,7
96,7,7
96,8,9
96,9,4
96,10,6
96,11,6
96,12,6
97,1,5
97,2,4
97,3,5
97,4,4
97,5,5
97,6,4
97,7,6
97,8,9
97,9,8
97,10,7
97,11,8
97,12,5
98,1,4
98,2,4
98,3,5
98,4,9
98,5,7
98,6,9
98,7,9
98,8,6
98,9,4
98,10,6
98,11,9
98,12,4
99,1,8
99,2,5
99,3,6
99,4,9
99,5,9
99,6,9
99,7,4
99,8,5
99,9,8
99,10,4
99,11,6
99,12,7
100,1,6
100,2,8
100,3,7
100,4,5
100,5,8
100,6,6
100,7,6
100,8,7
100,9,9
100,10,7
100,11,8
100,12,6
101,1,7
101,2,7
101,3,8
101,4,6
101,5,5
101,6,6
101,7,4
101,8,4
101,9,8
101,10,6
101,11,5
101,12,9
102,1,6
102,2,7
102,3,4
102,4,8
102,5,6
102,6,5
102,7,6
102,8,5
102,9,6
102,10,8
102,11,5
102,12,5
103,1,6
103,2,5
103,3,7
103,4,5
103,5,6
103,6,9
103,7,8
103,8,4
103,9,4
103,10,5
103,11,9
103,12,8
104,1,8
104,2,4
104,3,9
104,4,8
104,5,7
104,6,8
104,7,7
104,8,5
104,9,7
104,10,9
104,11,7
104,12,6
105,1,7
105,2,6
105,3,4
105,4,7
105,5,9
105,6,8
105,7,7
105,8,8
105,9,8
105,10,9
105,11,5
105,12,4
106,1,8
106,2,5
106,3,4
106,4,5
106,5,5
106,6,7
106,7,4
106,8,4
106,9,5
106,10,4
106,11,4
106,12,5
107,1,5
107,2,9
107,3,4
107,4,7
107,5,8
107,6,4
107,7,7
107,8,7
107,9,7
107,10,4
107,11,8
107,12,6
108,1,7
108,2,6
108,3,4
108,4,8
108,5,6
108,6,8
108,7,9
108,8,7
108,9,5
108,10,5
108,11,5
108,12,8
109,1,9
109,2,6
109,3,4
109,4,7
109,5,9
109,6,5
109,7,9
109,8,7
109,9,9
109,10,6
109,11,5
109,12,5
110,1,4
110,2,8
110,3,4
110,4,4
110,5,8
110,6,8
110,7,8
110,8,5
110,9,6
110,10,4
110,11,4
110,12,9
111,1,6
111,2,9
111,3,4
111,4,4
111,5,5
111,6,8
111,7,4
111,8,6
111,9,4
111,10,4
111,11,5
111,12,7
112,1,6
112,2,5
112,3,5
112,4,4
112,5,4
112,6,8
112,7,4
112,8,8
112,9,9
112,10,9
112,11,4
112,12,6
113,1,5
113,2,4
113,3,8
113,4,9
113,5,5
113,6,6
113,7,9
113,8,6
113,9,6
113,10,9
113,11,5
113,12,8
114,1,8
114,2,5
114,3,6
114,4,9
114,5,8
114,6,9
114,7,4
114,8,9
114,9,6
114,10,8
114,11,5
114,12,7
115,1,9
115,2,9
115,3,9
115,4,7
115,5,6
115,6,6
115,7,6
115,8,9
115,9,9
115,10,4
115,11,6
115,12,8
116,1,8
116,2,5
116,3,5
116,4,5
116,5,5
116,6,8
116,7,8
116,8,4
116,9,6
116,10,4
116,11,6
116,12,7
117,1,8
117,2,7
117,3,4
117,4,9
117,5,9
117,6,9
117,7,9
117,8,9
117,9,9
117,10,9
117,11,4
117,12,7
118,1,8
118,2,7
118,3,7
118,4,4
118,5,5
118,6,7
118,7,5
118,8,9
118,9,4
118,10,8
118,11,5
118,12,7
119,1,5
119,2,6
119,3,6
119,4,8
119,5,4
119,6,8
119,7,4
119,8,6
119,9,9
119,10,9
119,11,8
119,12,4
120,1,9
120,2,6
120,3,6
120,4,4
120,5,8
120,6,9
120,7,8
120,8,4
120,9,8
120,10,5
120,11,6
120,12,6
121,1,4
121,2,4
121,3,8
121,4,6
121,5,8
121,6,5
121,7,8
121,8,5
121,9,9
121,10,7
121,11,8
121,12,8
122,1,9
122,2,7
122,3,8
122,4,7
122,5,4
122,6,9
122,7,8
122,8,7
122,9,6
122,10,4
122,11,9
122,12,9
123,1,7
123,2,4
123,3,7
123,4,8
123,5,4
123,6,9
123,7,8
123,8,8
123,9,9
123,10,5
123,11,7
123,12,8
124,1,4
124,2,9
124,3,6
124,4,6
124,5,8
124,6,9
124,7,8
124,8,6
124,9,8
124,10,4
124,11,5
124,12,4
125,1,7
125,2,5
125,3,4
125,4,7
125,5,8
125,6,6
125,7,6
125,8,7
125,9,4
125,10,8
125,11,5
125,12,6
126,1,8
126,2,5
126,3,8
126,4,4
126,5,4
126,6,8
126,7,4
126,8,9
126,9,5
126,10,6
126,11,4
126,12,8
127,1,8
127,2,5
127,3,5
127,4,4
127,5,4
127,6,6
127,7,5
127,8,7
127,9,9
127,10,6
127,11,7
127,12,4
128,1,7
128,2,9
128,3,5
128,4,6
128,5,8
128,6,6
128,7,8
128,8,4
128,9,5
128,10,8
128,11,7
128,12,7
129,1,4
129,2,6
129,3,9
129,4,5
129,5,7
129,6,6
129,7,4
129,8,6
129,9,9
129,10,7
129,11,9
129,12,4
130,1,9
130,2,8
130,3,5
130,4,9
130,5,6
130,6,7
130,7,8
130,8,7
130,9,9
130,10,4
130,11,5
130,12,5
131,1,7
131,2,6
131,3,6
131,4,5
131,5,4
131,6,6
131,7,9
131,8,6
131,9,6
131,10,9
131,11,8
131,12,8
132,1,5
132,2,4
132,3,5
132,4,4
132,5,9
132,6,6
132,7,9
132,8,5
132,9,5
132,10,5
132,11,9
132,12,6
133,1,6
133,2,4
133,3,8
133,4,4
133,5,9
133,6,4
133,7,8
133,8,5
133,9,9
133,10,8
133,11,8
133,12,5
134,1,6
134,2,4
134,3,9
134,4,4
134,5,6
134,6,6
134,7,7
134,8,7
134,9,9
134,10,4
134,11,8
134,12,4
135,1,8
135,2,6
135,3,9
135,4,7
135,5,7
135,6,4
135,7,9
135,8,4
135,9,5
135,10,4
135,11,6
135,12,4
136,1,8
136,2,8
136,3,9
136,4,9
136,5,7
136,6,7
136,7,5
136,8,8
136,9,4
136,10,4
136,11,6
136,12,5
137,1,6
137,2,8
137,3,5
137,4,9
137,5,8
137,6,8
137,7,4
137,8,8
137,9,4
137,10,4
137,11,4
137,12,6
138,1,7
138,2,7
138,3,8
138,4,8
138,5,4
138,6,8
138,7,5
138,8,5
138,9,5
138,10,5
138,11,5
138,12,4
139,1,8
139,2,4
139,3,7
139,4,9
139,5,8
139,6,6
139,7,7
139,8,6
139,9,5
139,10,7
139,11,4
139,12,5
140,1,4
140,2,4
140,3,8
140,4,6
140,5,6
140,6,8
140,7,8
140,8,7
140,9,5
140,10,4
140,11,9
140,12,9
141,1,5
141,2,5
141,3,9
141,4,7
141,5,6
141,6,9
141,7,8
141,8,8
141,9,9
141,10,8
141,11,6
141,12,8
142,1,5
142,2,4
142,3,9
142,4,7
142,5,4
142,6,9
142,7,9
142,8,9
142,9,9
142,10,7
142,11,4
142,12,4
143,1,7
143,2,7
143,3,8
143,4,7
143,5,5
143,6,4
143,7,7
143,8,9
143,9,4
143,10,4
143,11,7
143,12,7
144,1,8
144,2,7
144,3,9
144,4,6
144,5,9
144,6,7
144,7,6
144,8,5
144,9,8
144,10,9
144,11,4
144,12,8
145,1,9
145,2,9
145,3,4
145,4,8
145,5,7
145,6,6
145,7,8
145,8,5
145,9,7
145,10,8
145,11,6
145,12,9
146,1,7
146,2,6
146,3,4
146,4,6
146,5,7
146,6,6
146,7,6
146,8,5
146,9,6
146,10,4
146,11,5
146,12,6
147,1,4
147,2,5
147,3,4
147,4,8
147,5,5
147,6,5
147,7,5
147,8,5
147,9,8
147,10,9
147,11,5
147,12,7
148,1,5
148,2,4
148,3,6
148,4,6
148,5,9
148,6,6
148,7,7
148,8,8
148,9,9
148,10,9
148,11,9
148,12,9
149,1,9
149,2,7
149,3,6
149,4,9
149,5,6
149,6,6
149,7,7
149,8,9
149,9,5
149,10,5
149,11,8
149,12,9
150,1,6
150,2,6
150,3,4
150,4,6
150,5,7
150,6,7
150,7,8
150,8,8
150,9,7
150,10,6
150,11,8
150,12,7
151,1,8
151,2,8
151,3,7
151,4,8
151,5,6
151,6,9
151,7,8
151,8,4
151,9,9
151,10,6
151,11,7
151,12,6
152,1,6
152,2,7
152,3,4
152,4,5
152,5,8
152,6,8
152,7,9
152,8,9
152,9,6
152,10,4
152,11,8
152,12,6
153,1,5
153,2,7
153,3,4
153,4,8
153,5,7
153,6,6
153,7,8
153,8,9
153,9,6
153,10,5
153,11,8
153,12,6
154,1,9
154,2,8
154,3,8
154,4,8
154,5,4
154,6,4
154,7,7
154,8,8
154,9,5
154,10,4
154,11,6
154,12,4
155,1,9
155,2,4
155,3,5
155,4,9
155,5,6
155,6,8
155,7,6
155,8,8
155,9,7
155,10,6
155,11,4
155,12,6
156,1,5
156,2,5
156,3,6
156,4,8
156,5,5
156,6,6
156,7,7
156,8,4
156,9,9
156,10,5
156,11,7
156,12,9
157,1,9
157,2,7
157,3,4
157,4,8
157,5,7
157,6,4
157,7,8
157,8,4
157,9,4
157,10,8
157,11,9
157,12,6
158,1,6
158,2,4
158,3,8
158,4,4
158,5,5
158,6,9
158,7,4
158,8,9
158,9,7
158,10,4
158,11,8
158,12,7
159,1,7
159,2,7
159,3,6
159,4,9
159,5,5
159,6,6
159,7,7
159,8,5
159,9,9
159,10,6
159,11,7
159,12,6
160,1,4
160,2,9
160,3,8
160,4,6
160,5,9
160,6,5
160,7,6
160,8,6
160,9,4
160,10,5
160,11,5
160,12,9
161,1,9
161,2,8
161,3,8
161,4,5
161,5,8
161,6,6
161,7,9
161,8,4
161,9,9
161,10,7
161,11,7
161,12,6
162,1,9
162,2,6
162,3,4
162,4,6
162,5,9
162,6,8
162,7,8
162,8,9
162,9,5
162,10,9
162,11,4
162,12,5
163,1,7
163,2,8
163,3,7
163,4,7
163,5,6
163,6,9
163,7,5
163,8,8
163,9,9
163,10,9
163,11,6
163,12,8
164,1,6
164,2,4
164,3,7
164,4,7
164,5,4
164,6,4
164,7,7
164,8,6
164,9,9
164,10,7
164,11,7
164,12,9
165,1,6
165,2,9
165,3,4
165,4,4
165,5,5
165,6,6
165,7,7
165,8,6
165,9,8
165,10,5
165,11,7
165,12,4
166,1,4
166,2,8
166,3,5
166,4,5
166,5,4
166,6,9
166,7,8
166,8,9
166,9,7
166,10,9
166,11,6
166,12,9
167,1,4
167,2,8
167,3,9
167,4,8
167,5,8
167,6,9
167,7,8
167,8,7
167,9,9
167,10,7
167,11,4
167,12,9
168,1,9
168,2,6
168,3,5
168,4,5
168,5,6
168,6,8
168,7,4
168,8,8
168,9,7
168,10,7
168,11,8
168,12,7
169,1,7
169,2,5
169,3,9
169,4,9
169,5,5
169,6,9
169,7,5
169,8,6
169,9,8
169,10,5
169,11,6
169,12,8
170,1,7
170,2,9
170,3,7
170,4,9
170,5,4
170,6,5
170,7,9
170,8,8
170,9,6
170,10,4
170,11,8
170,12,7
171,1,6
171,2,4
171,3,5
171,4,5
171,5,7
171,6,4
171,7,8
171,8,9
171,9,7
171,10,7
171,11,5
171,12,8
172,1,7
172,2,7
172,3,8
172,4,5
172,5,6
172,6,8
172,7,9
172,8,5
172,9,8
172,10,8
172,11,7
172,12,7
173,1,4
173,2,7
173,3,5
173,4,9
173,5,6
173,6,7
173,7,9
173,8,9
173,9,4
173,10,6
173,11,5
173,12,6
174,1,9
174,2,7
174,3,7
174,4,4
174,5,6
174,6,9
174,7,9
174,8,6
174,9,8
174,10,6
174,11,7
174,12,5
175,1,9
175,2,9
175,3,4
175,4,4
175,5,5
175,6,8
175,7,8
175,8,7
175,9,7
175,10,7
175,11,4
175,12,6
176,1,9
176,2,9
176,3,7
176,4,4
176,5,9
176,6,4
176,7,8
176,8,6
176,9,8
176,10,4
176,11,6
176,12,7
177,1,5
177,2,4
177,3,8
177,4,9
177,5,6
177,6,9
177,7,4
177,8,8
177,9,8
177,10,7
177,11,9
177,12,4
178,1,7
178,2,5
178,3,4
178,4,4
178,5,5
178,6,8
178,7,4
178,8,4
178,9,6
178,10,9
178,11,4
178,12,6
179,1,8
179,2,6
179,3,5
179,4,7
179,5,7
179,6,6
179,7,6
179,8,8
179,9,8
179,10,5
179,11,9
179,12,5
180,1,7
180,2,7
180,3,9
180,4,8
180,5,9
180,6,9
180,7,5
180,8,9
180,9,8
180,10,6
180,11,8
180,12,7
181,1,8
181,2,8
181,3,6
181,4,6
181,5,7
181,6,4
181,7,8
181,8,4
181,9,4
181,10,7
181,11,8
181,12,9
182,1,5
182,2,6
182,3,6
182,4,8
182,5,9
182,6,5
182,7,8
182,8,4
182,9,8
182,10,5
182,11,9
182,12,7
183,1,8
183,2,8
183,3,4
183,4,4
183,5,4
183,6,9
183,7,6
183,8,5
183,9,4
183,10,6
183,11,6
183,12,7
184,1,4
184,2,8
184,3,5
184,4,9
184,5,6
184,6,5
184,7,5
184,8,6
184,9,4
184,10,7
184,11,4
184,12,7
185,1,9
185,2,9
185,3,4
185,4,6
185,5,4
185,6,7
185,7,9
185,8,8
185,9,6
185,10,9
185,11,4
185,12,7
186,1,9
186,2,4
186,3,9
186,4,4
186,5,4
186,6,7
186,7,6
186,8,8
186,9,5
186,10,8
186,11,7
186,12,4
187,1,4
187,2,5
187,3,5
187,4,4
187,5,5
187,6,4
187,7,8
187,8,8
187,9,8
187,10,4
187,11,8
187,12,8
188,1,7
188,2,6
188,3,7
188,4,4
188,5,9
188,6,8
188,7,9
188,8,6
188,9,9
188,10,4
188,11,5
188,12,4
189,1,5
189,2,9
189,3,7
189,4,6
189,5,4
189,6,8
189,7,4
189,8,4
189,9,7
189,10,8
189,11,7
189,12,8
190,1,6
190,2,4
190,3,9
190,4,7
190,5,6
190,6,8
190,7,8
190,8,9
190,9,4
190,10,4
190,11,5
190,12,7
191,1,8
191,2,7
191,3,4
191,4,5
191,5,5
191,6,5
191,7,5
191,8,9
191,9,5
191,10,4
191,11,9
191,12,8
192,1,9
192,2,8
192,3,9
192,4,9
192,5,4
192,6,4
192,7,6
192,8,6
192,9,5
192,10,9
192,11,9
192,12,9
193,1,9
193,2,9
193,3,8
193,4,9
193,5,5
193,6,6
193,7,4
193,8,9
193,9,8
193,10,6
193,11,5
193,12,7
194,1,7
194,2,7
194,3,4
194,4,6
194,5,9
194,6,6
194,7,8
194,8,5
194,9,8
194,10,9
194,11,7
194,12,8
195,1,9
195,2,7
195,3,4
195,4,7
195,5,9
195,6,7
195,7,5
195,8,6
195,9,8
195,10,5
195,11,8
195,12,8
196,1,7
196,2,5
196,3,6
196,4,4
196,5,6
196,6,4
196,7,6
196,8,4
196,9,8
196,10,4
196,11,5
196,12,4
197,1,5
197,2,7
197,3,9
197,4,4
197,5,6
197,6,8
197,7,8
197,8,8
197,9,5
197,10,9
197,11,9
197,12,7
198,1,5
198,2,9
198,3,5
198,4,6
198,5,9
198,6,8
198,7,6
198,8,6
198,9,4
198,10,8
198,11,5
198,12,4
199,1,5
199,2,6
199,3,6
199,4,9
199,5,9
199,6,5
199,7,7
199,8,4
199,9,5
199,10,7
199,11,5
199,12,9
200,1,7
200,2,5
200,3,6
200,4,4
200,5,5
200,6,8
200,7,6
200,8,4
200,9,5
200,10,5
200,11,9
200,12,9
