Time Stamp,Id Bank,Kelompok Bank berdasarkan Kepemilikan ,Kelompok Bank berdasarkan BUKU ,DSIB Flag,DSIB Score,Size Score,On Balance Sheet,Off Balance Sheet ,Total Kewajiban Komitmen ,Total Kewajiban Kontijensi ,Posisi Penjualan Spot dan Derivatif,Potential Future Exposure,IFSA Score,Penempatan Pada Bank Lain Kecuali Margin Deposits,Kredit Bank dan LKNB,Acceptances From Other Banks(Tagihan Akseptasi),Undrawn Committed Lines Extended To Other Financial Institution,Secured Debt Securities,Senior Unsecured Debt Securities (Exclude EBA),Subordinated Debt Securities,Commercial Paper,Stock (Including Par And Surplus of Common And Preferred Shared),Net Positive Current Exposure of Securities Financing Transactions With Other Financial Institutions (Repo),Net Positive Current Exposure of Securities Financing Transactions With Other Financial Institutions (Reverse Repo),OTC Derivatives Net Positive Fair Value (Include Collateral Held If It Is Within The Master Netting Agreement),Derivative Potential Future Exposure,IFSL,Liabilities Incld. Deposits Due To Depository Institutions,Deposits Due To Non-Depository Financial Institutions,Undrawn Committed Lines Obtained From Other Financial Institutions,Pinjaman Yang Diterima,Net Negative Current Exposure of Securities Financing Transactions With Other Financial Institutions,OTC Derivative Net Negative Fair Value (Include Collateral Provided If It Is Within The Master Netting Agreement),Debt Securities,Senior Unsecured Debt Securities,Subordinated Debt Securities,Equity Market Capitalization,Complexity Score,Complexity-Complexity Score,OTC Derivative,Securities,Country Specific Score,Garansi,LC,Pangsa SBN,Rek. DPK,Fas. Kredit,KC DN,KC LN,Substitutability Score,Nilai RTGS,Nilai SKNBI,Volume RTGS,Volume SKNBI,Kustodian Nilai,Kustodian Volume
1;09.00.00,1,Bank Persero,1,1,138569,966157,5.72784E+017,5.25324E+017,4.76422E+017,1.06254E+017,4.3642E+017,5.99974E+017,849907,8.94838E+017,1.51E+017,7.88E+016,5.8E+017,1.1E+017,8.38E+017,6.41E+017,9.67E+017,1.6E+016,8.27E+017,2.45E+017,4.93E+017,6.64E+017,261221,6.34247E+016,6.95E+017,5.21E+017,7.41E+017,2.88E+017,2.13E+017,695017,2.2493E+017,9E+017,5.98E+017,578043,703310,1.80318E+017,7.33E+017,872352,6.40314E+016,2.73E+017,3.32E+017,1.15E+017,5.06E+017,6.35E+017,6.02E+017,417961,7.02E+017,8.9E+017,1.61E+017,3.48E+017,3.71E+017,9.13E+017
1;09.00.00,2,Bank Asing,2,0,606240,547189,8.90754E+017,9.39579E+017,7.04697E+017,1.5378E+017,9.0504E+017,5.37665E+017,539152,1.44525E+017,3.03E+017,9.32E+016,8.47E+017,3.62E+017,2.68E+017,2.7E+017,4.1E+017,4.91E+017,8.78E+016,1.39E+017,2.39E+017,2.73E+017,890823,2.30773E+017,3.12E+017,6.46E+017,7.03E+016,4.26E+017,2.96E+017,335731,8.091E+017,8.93E+017,2.56E+017,53798,533721,6.56732E+017,2.29E+016,209956,5.51901E+016,4.61E+017,4.15E+017,1.32E+017,4.4E+017,3.62E+017,8.75E+017,488763,2.56E+017,2.66E+017,9.32E+017,1.89E+017,8.41E+017,9.32E+017
1;09.00.00,3,Bank Swasta Nasional,3,0,697711,799086,2.24596E+017,8.81298E+017,2.7575E+017,6.59952E+017,2.9323E+017,4.78866E+017,595415,2.0503E+017,6.59E+017,5.6E+017,2.73E+017,9.24E+017,2.55E+017,8.25E+017,3.13E+017,8.7E+016,4.86E+016,5.99E+017,7.6E+017,6.96E+017,862461,4.90948E+017,6.99E+017,2.07E+017,3.17E+017,2.39E+017,5.06E+017,708341,9.51698E+017,2.58E+017,8.59E+017,717845,955220,1.19907E+016,8.13E+017,430471,2.86301E+017,6.71E+017,7.15E+017,6.47E+017,6.28E+017,5.84E+016,8.3E+017,849971,7.31E+017,5.36E+017,7.87E+017,2.69E+017,3.35E+017,1.85E+017
1;09.00.00,4,BPD,4,0,516841,55294,7.45254E+017,7.84073E+017,1.41712E+016,8.5364E+017,6.7096E+017,7.01995E+017,762702,7.68985E+017,4.22E+016,3.21E+017,2.03E+016,8.6E+017,5.76E+017,8.97E+017,2.66E+017,1.45E+017,4.68E+017,4.5E+017,5.75E+017,4.46E+017,928829,4.06175E+017,1.37E+017,9.02E+017,8.75E+017,6.27E+017,2.38E+017,566478,5.12514E+017,3.53E+016,6.02E+017,405185,423810,2.448E+017,3.61E+017,986641,1.68068E+017,1.18E+017,5.55E+017,3.5E+017,1.29E+017,4.27E+017,1.24E+017,829423,6.54E+017,6.42E+017,2.96E+017,8.27E+017,2.52E+017,1.02E+016
1;09.00.00,5,Bank Campuran ,2,0,58918,7442,9.58127E+017,9.74272E+017,3.2625E+017,4.13533E+017,5.9605E+017,2.20273E+017,641969,4.93191E+017,9.44E+017,9.85E+017,5.08E+017,4.81E+017,5.26E+017,4.39E+017,8.14E+017,7.16E+017,4E+017,4.73E+017,8.79E+017,6.34E+017,580496,1.45987E+017,7.29E+017,2.6E+016,4.93E+017,7.86E+016,7.21E+017,599172,3.71837E+017,8.96E+017,5.29E+017,450034,552212,8.20118E+017,3.93E+017,88676,1.64856E+017,7.09E+016,8.6E+017,2.03E+017,3.78E+017,5.67E+016,9.7E+017,181238,6.32E+017,9.89E+017,4.86E+017,4.07E+017,6.63E+017,4.4E+017
1;09.00.00,6,BPD,2,0,779550,133248,1.89776E+017,6.2579E+017,7.96283E+017,5.08827E+017,2.7144E+017,1.30123E+017,566193,7.0615E+017,9.36E+017,9.53E+017,3.85E+017,1.55E+017,7.76E+017,6.97E+017,5.55E+017,5.06E+017,4.53E+017,5.55E+017,4.37E+017,6.16E+017,731290,9.25741E+017,4.96E+017,6.39E+017,5.3E+017,1.47E+017,7.61E+017,813196,3.99806E+017,6.37E+017,2.66E+017,951719,565434,1.44606E+017,3.04E+017,196808,5.73968E+017,1.93E+017,8.43E+017,3.8E+016,1.46E+017,1.06E+017,8.1E+017,139369,6.1E+017,4.78E+017,3.78E+017,6.65E+017,5.5E+017,8.51E+017
1;09.00.00,7,Bank Swasta Nasional,3,0,54449,58153,3.44976E+017,3.00361E+016,1.08867E+017,9.2024E+017,5.3534E+017,8.83167E+017,574901,4.70761E+017,3.86E+017,8.32E+017,3.53E+017,9.38E+016,5.11E+016,9.77E+017,8.65E+017,5.12E+017,2.43E+017,3.56E+017,8.63E+017,2.68E+017,819391,3.511E+017,2.93E+017,1.48E+017,4.91E+016,2.49E+017,3.51E+017,548394,1.04058E+017,5.15E+017,8.01E+017,523550,858193,1.63156E+016,2.64E+017,571063,6.90926E+017,9.65E+017,8.39E+017,7.16E+017,7.53E+017,6.1E+017,5.4E+017,321604,3.82E+017,6.11E+017,8.61E+017,8.19E+017,1.62E+017,1.6E+017
1;09.00.00,8,Bank Campuran,2,1,952878,959308,5.61275E+017,2489240000000000,9.84798E+017,4.60703E+017,1.3694E+017,9.53435E+017,747350,5.99594E+017,6.03E+017,2.28E+017,2.09E+017,9.66E+017,6.94E+017,5.18E+017,9.39E+017,7.46E+017,5.76E+017,2.44E+017,2.55E+017,3.34E+017,14070,6.40043E+017,3.87E+017,3.28E+016,4.15E+017,7.95E+017,7.28E+017,465825,2.81914E+017,1.9E+017,8.27E+017,337569,382713,9.24809E+017,3.42E+017,485395,4.11311E+017,5.9E+017,5.05E+017,1.48E+017,5.96E+017,2.73E+017,9.48E+017,676183,8.23E+017,3.78E+017,5.51E+016,3.88E+017,3.39E+017,7.36E+017
1;09.00.00,9,Bank Persero,3,1,786171,228730,8.31676E+017,9.35059E+017,8.90377E+017,3.18763E+017,2.0688E+017,9.62606E+016,84518,7.55026E+017,7.01E+017,1.16E+017,5.53E+016,8.08E+017,6.51E+017,1.22E+017,8.47E+017,9.5E+017,5.19E+017,3.26E+016,3.9E+017,2.89E+017,666542,5.52052E+017,7.88E+017,4.95E+017,2.62E+017,2.62E+017,8.07E+017,770871,5.28978E+017,8.53E+017,3.38E+017,310441,609826,4.42057E+017,1.32E+017,497115,5.45898E+017,3.9E+017,1E+018,3.56E+017,5.13E+017,9.3E+017,9.05E+017,961474,9.93E+016,1.44E+017,5.81E+017,2.1E+017,6.99E+017,2.36E+017
1;09.00.00,10,Bank Swasta Nasional,3,1,241677,384224,7.65213E+017,5.06191E+017,4.38811E+016,9.1148E+017,3.7549E+017,3.69177E+017,805723,7.7435E+017,2.91E+017,9.01E+017,1.22E+017,3.46E+017,5.23E+017,2.37E+017,8.19E+017,6.56E+017,2.16E+017,1.86E+017,6.94E+017,9.65E+017,121944,5.95652E+017,1.32E+017,1.4E+017,3.39E+017,6.85E+017,6.82E+017,934251,4.09405E+017,8.02E+017,5.04E+017,710793,579528,6.01595E+017,8.48E+017,309734,4.32132E+017,3.68E+017,8.74E+016,1.23E+017,6.6E+017,4.25E+017,3.02E+017,359415,3.21E+016,4.31E+017,7.85E+017,6.81E+017,9.27E+017,4.72E+017
1;09.00.00,11,Bank Persero,3,0,168526,15775,4.64647E+017,1.92111E+017,5.67058E+017,2.03916E+017,6.8512E+016,8.14334E+017,892535,2.16204E+017,7.19E+017,2.09E+017,5.21E+017,2.77E+017,4.72E+017,4.93E+017,2.07E+017,9.91E+017,3.67E+016,6.05E+017,4.47E+016,2.68E+017,12308,2.62525E+017,9.95E+017,1.5E+017,7.93E+017,5.94E+017,4.21E+017,678978,5.38806E+017,5.27E+017,2.71E+017,180420,526296,9.77191E+017,8.22E+017,43739,8.11355E+017,1.62E+017,5.59E+017,3.29E+017,2.37E+017,6.25E+017,7.08E+017,124050,7.74E+017,5.19E+017,7.56E+017,4.79E+016,8.75E+017,2.71E+017
1;09.00.00,12,Bank Campuran,4,1,839718,419199,8.99826E+017,3.3587E+017,4.43076E+017,1.37476E+017,1.7886E+017,5.56532E+017,313707,8.5012E+017,3.94E+017,5.99E+017,2.92E+017,6.23E+017,7.27E+017,7.86E+017,3.99E+017,8.09E+017,2.54E+017,6.92E+017,1.05E+017,3.95E+017,650776,9.8683E+016,7.42E+017,5.32E+017,6.64E+017,6.72E+017,4.3E+017,406871,5.66239E+017,8.08E+017,2.4E+017,744112,625357,6.33304E+017,8.91E+017,835122,3.87829E+017,4.04E+017,7860000000000000,8.18E+017,4.69E+017,8.72E+017,5.28E+017,413724,5.77E+017,6.05E+017,6.51E+016,4.22E+017,2.51E+017,5.94E+017
1;09.00.00,13,Bank Swasta Nasional,1,1,159912,173840,9.90516E+016,4.66345E+017,1.68979E+017,4.49601E+017,5.9632E+017,7.74138E+017,641650,6.04231E+016,8.71E+017,6.54E+017,9.51E+017,5.53E+017,3.64E+017,5.39E+017,6.03E+017,3880000000000000,2.88E+017,1.22E+017,1.56E+017,4.19E+017,450185,7.03508E+017,4.47E+017,8.88E+017,6.74E+017,6.24E+017,8.44E+017,621036,5.71089E+017,3.14E+017,6.7E+017,381044,564386,4.22087E+017,2.28E+017,773895,7.14451E+017,5.63E+017,4.59E+017,3.92E+017,7.72E+017,3.02E+017,4.37E+017,929319,2.96E+017,2.66E+017,9.43E+017,2.74E+017,2.04E+017,1.91E+017
1;09.00.00,14,Bank Swasta Nasional,1,1,960256,680982,8.64024E+017,3.42104E+017,8.00615E+017,7.19735E+017,1.1683E+017,6.54409E+017,239804,5.35029E+017,9.36E+017,4.01E+017,9.08E+017,4.86E+017,8.08E+017,7.46E+017,2.58E+017,2.66E+016,5.06E+017,5.02E+017,8.73E+017,5.76E+017,772811,9.08378E+017,5.82E+016,6.45E+017,2.35E+017,7.73E+017,2.63E+017,12427,1.37197E+017,3.39E+017,9.31E+017,737396,538418,8.70978E+017,1.25E+017,653667,7.88319E+017,3.01E+017,7.32E+017,3.94E+017,6.67E+017,3.2E+017,5.3E+016,940232,5.49E+017,4.59E+017,4.59E+017,2.58E+017,5.67E+017,1.28E+017
1;09.00.00,15,Bank Swasta Nasional,3,1,57282,715588,6.2705E+017,2.96859E+017,8.12832E+017,1.10091E+017,6.0455E+017,9.05902E+017,381972,1.6284E+017,1.57E+017,5.7E+017,8.91E+017,4.6E+017,3.53E+017,2.42E+017,3.51E+017,8.56E+017,5.4E+017,3.85E+017,2.17E+017,1.58E+016,231564,2.0903E+017,5.92E+017,2.34E+017,7.58E+017,1.83E+017,5.44E+017,693381,3.959E+017,1.28E+017,4.26E+017,596592,858594,3.60327E+017,3.45E+017,323053,5.33741E+017,9E+017,3.64E+017,2.01E+017,6.3E+017,8.39E+017,2.47E+017,908730,3.28E+017,7.11E+017,5.32E+017,9.58E+017,3.77E+017,3.54E+017
1;09.00.00,16,BPD,3,1,423464,591613,1.47318E+017,8.22717E+017,5.39145E+017,7.72535E+017,3.2663E+016,2.44283E+017,944627,4.45732E+017,9.21E+017,8.69E+017,7.78E+017,5.97E+017,5.45E+017,7.18E+017,9.18E+017,6.34E+017,1.65E+017,9.01E+017,6.86E+017,1.18E+017,203520,9.66003E+017,6.27E+017,1.74E+017,1.48E+017,5.5E+017,7.7E+017,921055,5.67025E+017,8.53E+017,2.71E+017,161430,187695,3.26305E+017,7.31E+017,37029,8.67957E+017,8.48E+017,1.22E+017,4.45E+016,9.71E+017,6.06E+017,8.5E+017,596628,6.54E+017,3.37E+017,7.04E+017,9.75E+017,5.94E+017,8.99E+017
1;09.00.00,17,Bank Campuran,1,1,579304,272192,1.02196E+016,4.60912E+017,2.89933E+017,5.69267E+016,6.8251E+017,6.11372E+017,866932,6.676E+017,8.89E+017,5.22E+017,2.74E+017,9.81E+017,8.26E+017,4.6E+017,8.97E+017,1.79E+017,5.32E+017,8.52E+017,6.61E+017,1.63E+017,742170,6.04432E+017,5.4E+017,7.97E+017,5.6E+017,9.5E+017,8.33E+017,766664,3.02367E+017,2.26E+017,3.72E+017,493067,795609,7.46734E+017,6.39E+017,34512,4.23398E+017,5.96E+017,7.83E+017,4.63E+017,7.71E+017,2.82E+017,9.34E+016,93370,3.81E+017,8.42E+017,7.06E+017,3.76E+017,6.45E+017,8.36E+016
1;09.00.00,18,Bank Persero,1,0,18622,272308,1.57294E+017,9.31563E+016,5.69759E+017,9.42749E+017,5.2795E+017,7.45156E+017,600640,5.38489E+017,1.46E+017,7.98E+017,3.08E+017,2.78E+017,1.31E+017,8.06E+016,6.87E+017,6.85E+017,8.35E+017,2.87E+016,6.63E+017,9.2E+017,803985,5.37777E+017,5.56E+017,9.11E+017,1.92E+017,4.2E+017,2.82E+017,526977,8.4583E+017,8.27E+017,8.71E+017,444145,703942,5.39068E+017,9.36E+017,867677,2.49537E+017,1.4E+017,9.73E+017,1.85E+017,7.65E+016,4.46E+017,3.65E+017,326427,4.87E+017,4.36E+017,4.52E+017,4.5E+017,3.06E+017,9.08E+017
1;09.00.00,19,Bank Asing,3,0,851693,15036,8.12174E+017,2.0974E+017,1.63179E+017,977361000000000,8.9922E+017,6.11601E+017,129787,4.42215E+017,3.63E+017,9.96E+017,6.26E+017,1.51E+017,1.91E+017,2.78E+017,3.11E+017,5.85E+017,1.87E+016,6.09E+017,7.03E+017,1.63E+017,774743,1.09112E+017,1.78E+017,2.5E+017,9.2E+017,8.83E+017,9.09E+017,742432,5.51965E+017,5.32E+017,9.6E+017,572070,792907,3.77151E+017,4.24E+017,892929,8.6234E+017,8.36E+017,4.99E+017,4.64E+017,4.18E+017,3.2E+017,4.89E+017,485852,1.59E+017,6.71E+017,9.09E+016,3.09E+017,2.17E+017,9.61E+017
1;09.00.00,20,Bank Campuran,2,0,823733,156911,9.95733E+016,5.99852E+017,7379820000000000,2.6394E+017,2.5436E+017,5.54771E+017,302782,8.38653E+017,6.81E+017,5.62E+017,3.51E+017,8.65E+017,4.56E+017,3.38E+017,3.62E+017,1.89E+017,7.1E+017,6.51E+017,6.26E+017,1.01E+017,961620,5.89271E+017,9.47E+017,2.43E+017,1.28E+017,6.25E+017,5.19E+017,157920,2.33631E+017,5.85E+017,4.88E+017,69660,134396,4.61536E+017,5.37E+017,757819,2.38619E+016,8.67E+017,1.63E+017,8.17E+017,2.03E+017,8.69E+017,3.65E+017,599466,5.32E+017,7.77E+017,7.13E+017,1.54E+017,4.75E+017,6.67E+016
1;09.00.00,21,Bank Swasta Nasional,3,1,187832,543846,5.56232E+017,3.40563E+017,1.28734E+016,1.67558E+017,6.4343E+017,6.90894E+017,910398,9.24401E+017,8.79E+017,3.15E+017,1.05E+017,1.94E+017,2.53E+017,5.92E+017,5.24E+017,9.04E+017,4.89E+017,7.75E+017,1.92E+017,2.42E+017,314275,1.73128E+017,4.74E+017,2.93E+017,1.68E+017,2.54E+017,3.49E+017,154735,7.81084E+017,5.47E+017,1.54E+017,748622,624283,1.59291E+017,9.86E+017,199516,2.60713E+017,3.74E+017,5.29E+017,7.52E+017,7.96E+017,7.56E+017,4.47E+017,711247,8.87E+017,3.29E+017,7.39E+017,3.65E+017,4.22E+017,4.16E+017
1;09.00.00,22,Bank Campuran,3,1,7466,611440,7.71377E+017,6.72993E+017,6.4507E+017,9.10437E+017,7.4966E+017,4.17321E+017,816601,2.93819E+017,1.81E+017,8.12E+017,2.38E+017,5.85E+017,9.9E+017,9.49E+017,4.63E+017,8.7E+017,2.68E+017,9.55E+015,5.89E+017,5.59E+017,816296,1.121E+017,5680000000000000,1.82E+017,7.11E+017,1.74E+017,2.61E+017,737808,6.02201E+017,2.12E+017,1.51E+017,117332,165939,7.32762E+017,3.97E+017,697123,7.87436E+017,6.47E+017,1.73E+017,2.27E+017,9.58E+017,4.81E+017,5.54E+017,154515,3.63E+017,1.64E+017,3.39E+017,4.16E+017,4.23E+017,4.6E+017
1;09.00.00,23,Bank Campuran,4,0,890602,809444,5.88315E+017,1.04461E+017,4.4957E+017,9.65491E+017,4.0326E+017,8.33739E+017,286159,7.9621E+017,7.96E+017,2.83E+017,1.73E+017,9E+017,3.51E+017,9.84E+017,4.58E+016,4.36E+017,8.02E+017,2.99E+017,7.44E+017,5.07E+017,527988,3.84277E+017,9.43E+017,8.42E+017,7.61E+017,1.3E+017,7.16E+017,486109,1.20597E+017,7.8E+017,2.4E+017,472394,654711,1.06856E+017,8.67E+017,845195,9.18668E+017,5.34E+017,3.43E+017,8.33E+017,1.04E+016,3.52E+017,6.39E+017,865577,5.13E+017,9.21E+017,3.23E+017,1.3E+016,7.53E+016,7.35E+017
1;09.00.00,24,Bank Asing,1,0,140365,183447,5.02191E+017,9.36957E+017,2.80119E+016,9.62226E+016,7.7901E+017,7.63698E+017,831361,5.02503E+017,2.37E+017,5.52E+017,5.52E+017,3.17E+017,9.3E+017,1.74E+017,9.48E+017,6.38E+017,6.64E+017,1.12E+017,8.69E+016,8.19E+017,67383,6.74684E+017,7.55E+017,3.56E+017,8.31E+017,4.37E+017,3.33E+017,334635,6.193E+016,8.48E+017,9.17E+016,228365,115464,1.87946E+017,4.77E+017,832666,2.65931E+017,8.51E+017,9.51E+015,8.61E+017,1.45E+017,7.57E+017,7.56E+017,310981,8.68E+017,9.82E+017,7.9E+017,1.95E+016,8.96E+017,8.32E+017
1;09.00.00,25,Bank Persero,2,0,821244,576412,8.84629E+017,1.2935E+017,6.18223E+017,2.7754E+017,5.5801E+017,7.82066E+017,638689,6.17748E+017,5.5E+017,9.29E+017,1.5E+017,6.61E+017,1.99E+017,1.49E+017,3.99E+017,5.77E+017,7.27E+017,2.18E+017,8.57E+017,9.51E+017,18573,4.44075E+017,5.74E+017,3.44E+017,4.19E+017,8.5E+017,6.5E+016,649479,1.54211E+017,6.75E+017,4.92E+017,834436,798504,2.49534E+017,7.06E+017,349595,6.36347E+017,7.67E+017,7.53E+017,1.74E+017,8.77E+017,4.26E+017,4.07E+017,536382,2.07E+017,8.33E+017,3.25E+017,6.89E+016,7.43E+017,2.01E+017
1;09.00.00,26,Bank Asing,4,0,454610,158594,5.18761E+017,4.78439E+017,7.67953E+017,4.67392E+017,1.1856E+017,8.44293E+017,642095,9.01954E+017,2.28E+017,2.31E+017,1.18E+017,9.54E+017,6.16E+017,8.33E+017,2.23E+017,2.9E+017,1.01E+016,1.68E+017,7.65E+017,7E+017,853185,4.09918E+017,8.35E+017,1.12E+017,1.93E+017,9.1E+017,8.03E+017,62084,4.59445E+017,6.24E+017,6.47E+017,183108,305902,2.17743E+017,8.65E+017,222700,5.05564E+017,7.98E+017,2780000000000000,2.24E+017,1.37E+017,8.54E+017,3.8E+016,984711,8.82E+017,2.01E+017,6.71E+017,6.22E+017,8.28E+017,6.27E+017
1;09.00.00,27,BPD,3,0,485069,190133,7.25472E+016,2.20118E+017,8.42331E+017,3.22294E+017,5.6177E+017,4.51729E+016,810814,5.30744E+016,6.4E+017,8.82E+017,1.39E+017,6.17E+017,3.98E+017,5.04E+017,7.84E+017,4.24E+017,2.64E+017,3.7E+017,3.22E+017,1.69E+017,279713,3.15742E+017,8.01E+017,5.82E+017,7.73E+017,3.18E+017,3.27E+016,585776,1.63985E+017,5.19E+017,4.62E+017,800464,409146,4.89839E+017,4370000000000000,419435,8.54859E+017,6.14E+017,8.84E+017,9.44E+017,9.19E+017,7.86E+017,3.42E+017,937784,8.68E+017,1.75E+017,6.64E+017,8.07E+017,2.25E+017,3.12E+017
1;09.00.00,28,Bank Persero,4,0,577697,348810,4.58838E+017,7.8398E+016,2.54797E+017,7.84823E+017,6.5756E+017,6.95217E+017,962757,9.77427E+017,2.28E+017,8.89E+017,2.6E+017,8.9E+017,9.46E+017,7.81E+016,6.35E+017,9.76E+017,2.09E+017,4.18E+017,3.64E+017,9.01E+017,153540,3.46888E+017,1.11E+017,6.32E+017,4.91E+017,4.22E+017,9.02E+017,691969,4.35419E+017,7.82E+017,8.56E+017,330651,676209,6.2881E+017,2.36E+017,391184,3.40526E+017,9.39E+017,3.77E+017,6.89E+017,4.09E+017,5.68E+017,6.41E+017,785244,8.52E+017,5.2E+017,2.26E+017,8.08E+017,5.28E+016,9.2E+017
1;09.00.00,29,Bank Persero,1,1,221335,331730,8.45303E+017,6.92411E+017,8.98777E+017,2.23351E+017,5.519E+017,7.71823E+017,186640,9.69917E+017,4.15E+017,9.44E+017,8.67E+017,5.58E+017,4.97E+017,4.22E+016,3.87E+017,3.39E+017,2.77E+017,5.28E+017,1.95E+017,2.94E+016,750526,8.64015E+017,2.63E+017,5.36E+017,3.31E+017,1.99E+017,8.29E+017,469715,3.10879E+017,2.53E+017,1.78E+017,231784,582017,8.25502E+017,2.63E+017,399339,6.08342E+017,4.51E+017,3.48E+017,5.65E+017,1.71E+017,8.32E+016,9.55E+017,56046,4.41E+017,6.87E+017,3.84E+017,9.03E+017,5.34E+017,5.52E+017
1;09.00.00,30,Bank Campuran,2,0,749556,177179,8.95373E+017,5.65352E+017,6.98039E+016,6.98697E+017,9.9133E+016,7.42407E+016,575132,9.53671E+017,8.97E+017,7.49E+017,7.8E+017,5.14E+017,4.45E+017,4.11E+017,7.07E+017,9.07E+017,2.72E+017,1.66E+017,5980000000000000,7.62E+017,795453,9.04005E+017,1.39E+017,6.48E+017,3.15E+017,6.61E+017,1.49E+017,506706,2.41855E+017,2.03E+017,6.63E+017,462948,711768,7.46663E+017,1.6E+017,895075,5.54945E+017,7.9E+017,6.2E+016,6.93E+017,2.87E+017,9.41E+017,3.58E+017,952454,5.73E+017,1.74E+017,4.42E+017,4.65E+017,4.1E+017,8.83E+017
1;09.00.00,31,BPD,2,0,199925,410667,9.54335E+017,7.9039E+017,3.28544E+016,5.06802E+017,2.9771E+017,5.31805E+016,60487,6.62245E+017,6.06E+017,7.52E+017,3.44E+017,1E+017,9.52E+017,3.23E+017,9.23E+017,6.19E+017,9.78E+017,6.61E+017,1.88E+017,3.76E+017,424586,1.01087E+017,9.75E+017,6.14E+017,1.86E+017,5.09E+017,8.03E+017,919144,3.45696E+017,8.99E+017,1.09E+017,768302,88171,9.02203E+017,1.74E+017,546748,9.75014E+017,9.24E+017,2.62E+017,9.97E+017,3.61E+017,6.73E+017,4.04E+017,891736,1.13E+017,8.93E+017,3.55E+017,3E+017,9.09E+017,2.8E+017
1;09.00.00,32,BPD,1,1,574191,80845,6.61676E+017,8.60795E+017,2E+017,4.67456E+016,6.9151E+017,3.30116E+017,833226,9.03528E+017,5.77E+017,9.59E+017,3.35E+017,3.35E+017,9.55E+017,3.58E+016,2.1E+017,2.71E+017,1.67E+016,9.1E+017,1.14E+017,7E+017,444433,8.34301E+017,8.89E+017,5.97E+017,5.34E+017,7.12E+017,7.42E+017,728652,4.8059E+017,8.62E+017,2.34E+017,762057,429941,1.61142E+017,5.91E+017,259033,7.38904E+017,5E+017,3.15E+017,9.62E+016,2.93E+017,9.39E+017,9E+017,38892,4.73E+017,1.44E+017,2.82E+017,6.84E+017,3.33E+017,4.88E+017
1;09.00.00,33,Bank Campuran,1,1,879415,732774,1.82521E+017,7297150000000000,7.96437E+017,3.63134E+017,1.6196E+017,8.29578E+017,211471,2.43392E+017,9.42E+016,9.16E+015,8.49E+017,5.69E+017,8.93E+017,5.09E+016,7.31E+017,5.43E+017,3.48E+017,4.54E+017,1.33E+017,2.49E+017,969706,3.07387E+017,9.18E+017,6.36E+017,5.93E+017,8.58E+017,5.88E+017,803666,7.48595E+017,4.32E+017,7.39E+017,467358,257641,7.44961E+017,8.31E+017,17857,3.03833E+017,5.65E+016,4.02E+017,4.34E+017,4.4E+017,2.26E+017,9.26E+017,167801,2.37E+017,3.48E+017,9.59E+017,1.39E+016,5.26E+017,4.28E+017
1;09.00.00,34,Bank Swasta Nasional,3,1,564506,814819,2.94044E+017,5.62989E+017,8.96511E+016,2.47014E+017,4.3894E+017,9.51274E+017,716634,4.00488E+017,9.97E+017,1.29E+017,5.89E+017,6.44E+017,3.16E+017,7130000000000000,5.05E+017,6.79E+017,6.32E+017,6.29E+017,8.13E+017,9.94E+017,721156,4.14011E+017,2.4E+017,5.11E+017,3.19E+017,9.76E+017,2.89E+017,20348,4.83802E+017,6.52E+016,5.96E+017,667395,959895,2551320000000000,8.52E+017,574952,1.4506E+017,4.28E+017,4.53E+017,1.24E+017,8.45E+017,3.64E+017,4.86E+017,25419,4.87E+017,8.14E+017,2.72E+017,2.81E+017,1.35E+017,4.19E+017
1;09.00.00,35,Bank Campuran,4,1,311268,988201,8.35308E+017,9.88858E+017,5.43799E+017,1.47406E+017,6.993E+017,5.92359E+017,399286,3.46433E+017,4.33E+017,9.77E+017,1.53E+017,4.58E+017,4.16E+017,9.2E+017,1.96E+017,3.78E+016,2.56E+017,1.03E+017,4.34E+017,9.03E+017,469606,3.40613E+017,2.79E+017,7.71E+017,4.38E+017,1.15E+017,9.63E+017,565225,3.35457E+017,1.68E+017,6.77E+017,811811,559501,4.85703E+017,4.93E+017,603946,6.40162E+017,1.54E+016,7.8E+017,3.43E+017,2.94E+017,3.41E+017,1.84E+017,311450,3.59E+017,2.4E+017,4.02E+017,1.41E+017,5.37E+017,2.03E+017
1;09.00.00,36,Bank Asing,2,1,982837,942998,4.55842E+016,8.89065E+017,5.72917E+016,3.97911E+016,2.7553E+017,5.40812E+017,952781,6.31493E+017,7.34E+016,4.25E+017,1.2E+017,3.83E+017,3.7E+017,3.94E+017,7.69E+017,4.42E+017,6.57E+017,8.69E+016,4.24E+017,2.6E+016,109968,3.72333E+016,8.48E+017,8.21E+017,1310000000000000,4.42E+017,8.84E+017,914812,3414140000000000,8.18E+017,6050000000000000,923229,131380,5.15711E+017,2.35E+017,315379,5.34911E+017,9.55E+017,3.61E+017,3.12E+017,8.46E+017,3.95E+017,4.56E+017,943442,1.66E+017,5.19E+017,8.41E+017,8.83E+016,2.44E+017,1.79E+017
1;09.00.00,37,BPD,3,1,518006,523943,9.34044E+017,1.75259E+017,6.44665E+017,3.62533E+017,8.1403E+017,5.98743E+017,745943,2.62202E+017,9.16E+017,9.5E+017,8.22E+017,9.52E+017,7.12E+017,1.08E+017,7.92E+016,2.47E+017,9.56E+017,8.51E+016,4.65E+017,1.88E+017,987668,5.8332E+017,4.15E+017,4.99E+017,3.81E+017,2.5E+017,4.23E+016,137254,3.56337E+017,2.89E+017,4.61E+017,289175,967315,9.79852E+017,3.5E+017,774928,7.76996E+017,8.74E+017,9.42E+017,9E+017,9.32E+016,5.82E+017,2.35E+017,64902,9.32E+017,4.43E+017,4.57E+017,8.55E+017,3.42E+017,4.42E+017
1;09.00.00,38,Bank Swasta Nasional,2,0,4598,448577,7.88763E+016,4.70475E+017,6.96158E+017,6.66107E+017,7.7263E+017,2.35555E+017,436749,9.59166E+017,7.06E+017,9.87E+017,4.8E+017,4.81E+017,6.15E+017,1.26E+017,6.21E+017,5.75E+017,4.87E+016,4.42E+017,9.84E+017,6.62E+017,113975,7.9556E+017,5.45E+017,9.8E+017,5.99E+017,6.27E+017,7.54E+017,2844,7.73914E+017,7.96E+017,1.94E+017,31985,682815,2.33115E+017,1.68E+017,81051,4.22794E+017,7.83E+017,8.21E+017,8.08E+017,7.89E+017,3.36E+017,1.84E+017,79605,9.71E+017,2.54E+017,8.93E+017,3.03E+017,5.25E+016,9.49E+017
1;09.00.00,39,Bank Persero,4,1,769861,63235,8.17937E+017,2.21726E+017,2.5262E+017,2.91861E+016,9.4735E+017,4.37474E+017,628961,3.94858E+017,5.16E+017,6.56E+017,5.89E+017,6.65E+017,1.09E+017,4.46E+017,5.91E+017,8.12E+017,3.94E+017,2.13E+017,2.01E+017,3.46E+017,813428,5.75309E+017,7.78E+017,6.17E+017,2.75E+017,1.01E+016,8.16E+017,942457,1.60143E+017,5.68E+017,9.18E+017,160539,574090,9.66015E+017,5.17E+016,350962,2.29155E+017,8.04E+017,5.26E+017,1.09E+017,2.24E+017,1.32E+017,7.19E+017,853828,8.84E+017,6.15E+017,9.68E+017,4.68E+017,3.5E+017,8.42E+017
1;09.00.00,40,Bank Swasta Nasional,3,0,54692,772708,4.71108E+016,9.39942E+017,7.84219E+017,3.4193E+016,1.6226E+016,6.5457E+017,544307,6.90975E+017,3.2E+017,2.86E+017,4.09E+017,8.4E+017,2.08E+017,4.97E+017,4.87E+017,4.25E+017,9.19E+017,8.64E+017,2.29E+017,5.36E+017,443269,2.30941E+017,5.25E+017,1.48E+017,5.01E+017,6.94E+017,5.74E+017,704029,7.98791E+017,9.99E+016,5.98E+017,706658,605583,5.85751E+017,8.23E+017,517234,3.05257E+017,9.73E+017,4.75E+017,6.67E+017,3.68E+017,8.52E+017,9.94E+017,249663,6.22E+017,1.1E+017,6.2E+017,9.16E+017,9.59E+017,8.56E+016
1;09.00.00,41,BPD,2,1,384917,357253,4.78791E+017,1.14051E+017,2.01519E+017,2.89384E+016,5.0706E+017,7.7248E+017,679277,1.31427E+017,9.97E+017,6.26E+017,3.82E+017,3.83E+017,1.93E+017,5.55E+017,7.28E+017,4.7E+017,4.02E+017,7.94E+017,8.94E+017,5.79E+017,696994,5.56956E+017,9.25E+017,2.94E+017,3.35E+017,4.31E+017,4.21E+017,451046,7.83436E+017,1.85E+017,7.79E+017,775954,361089,8.18158E+017,7.62E+017,413858,3.89524E+017,4.61E+017,9.97E+017,2.54E+017,9.24E+016,1.4E+017,3.42E+017,636730,3.37E+016,5.09E+017,7.12E+017,7.27E+017,3.57E+017,7.2E+017
1;09.00.00,42,Bank Swasta Nasional,1,1,917236,71534,4.19047E+017,4.32269E+017,4.73312E+017,7.14165E+017,8.7786E+017,5.79346E+017,360186,4.34148E+017,9.84E+017,8.69E+017,9.77E+017,8.3E+017,5090000000000000,8.66E+017,7.97E+017,5.47E+017,1.82E+017,9.71E+017,8.14E+017,8.3E+017,104329,3.50498E+017,8.78E+017,6.11E+017,3.85E+017,9.99E+017,2.13E+017,968001,9.6213E+017,1.55E+017,6.51E+017,708701,103376,2.02858E+017,2.37E+017,484833,2.26303E+016,1.88E+016,8.85E+017,2.51E+017,8.53E+017,3.12E+017,9.06E+016,53227,7.99E+017,7.78E+017,5.72E+017,3.47E+017,6.92E+017,8.82E+017
1;09.00.00,43,Bank Swasta Nasional,2,1,531725,576091,8.68615E+017,1.84471E+017,6.38701E+017,1.97613E+017,6.1176E+017,3.83889E+016,499486,6.95054E+017,9.01E+017,5.08E+017,3.77E+017,9.06E+017,4.82E+017,9.53E+017,1.5E+017,1.91E+017,2.36E+017,4.21E+017,1.8E+017,5.08E+017,658513,6.14655E+017,6.98E+017,2.53E+017,4.31E+017,4.89E+017,8.27E+016,390074,6.15573E+017,9.55E+017,7.61E+017,402525,264519,7.0546E+017,3.3E+017,421682,6.28106E+017,7.15E+017,5.65E+017,2.93E+017,1.47E+017,9.14E+017,6.59E+016,857353,1.83E+017,1.74E+017,5.93E+017,8.08E+017,8.17E+017,6.8E+016
1;09.00.00,44,Bank Campuran,4,1,928982,269456,8.2439E+017,2.65252E+017,3.64654E+017,2.67193E+017,1.7028E+017,4.62089E+017,628456,7.06169E+017,2.88E+017,1.04E+017,9.59E+017,6.23E+017,3.71E+017,9.15E+017,4.21E+017,4.23E+017,2.86E+017,9.97E+016,6.24E+017,7.95E+017,734203,8.46028E+017,8.62E+017,5.67E+017,4.73E+017,5.76E+017,5.57E+017,58046,1.24133E+017,1.91E+017,1.38E+017,685988,433396,5.27905E+017,8E+017,787832,3.5175E+017,8.83E+017,3.8E+017,8.59E+017,9.35E+017,9.23E+017,8.27E+017,390513,5.45E+017,5340000000000000,7.49E+016,1.29E+017,6.3E+017,2.07E+017
1;09.00.00,45,Bank Persero,3,0,427851,323913,9.58268E+017,2.01972E+017,6722750000000000,1.66559E+017,9.0917E+016,4.7345E+017,18192,9.50224E+017,6.95E+017,9.64E+017,7.07E+017,1.16E+017,7.7E+017,7.5E+017,1.89E+017,2.93E+017,7.09E+017,1.44E+017,4.47E+017,3.24E+017,623395,7.3337E+017,5.59E+017,6.77E+017,4.5E+017,9.96E+017,4.04E+017,618512,8.44854E+017,1.53E+017,1.99E+016,688561,52421,8.81978E+017,3960000000000000,995962,4.9131E+017,7.73E+017,4.93E+017,3.33E+017,1E+017,3.78E+017,4.06E+017,409461,6.69E+017,1.2E+017,2.35E+017,1.27E+017,6830000000000000,9.63E+017
1;09.00.00,46,Bank Asing,3,1,223901,745921,3.49208E+017,9.98673E+017,4.597E+017,8.36161E+017,3.8891E+017,9.68777E+017,832484,6.50817E+017,1.93E+017,8.13E+017,9.66E+017,8.57E+017,9.11E+017,6.65E+017,8.54E+016,3.16E+017,1.41E+017,8.45E+017,1.34E+017,2.56E+017,88565,8.60596E+016,5.29E+017,1.39E+017,8.33E+017,4.37E+017,6.2E+017,75187,5.89345E+017,8.54E+017,5.48E+016,682051,74728,5.17939E+017,9.8E+017,672489,3.87324E+017,2.19E+017,6.19E+017,3.29E+017,2.38E+017,5.62E+016,9.69E+017,939523,2.2E+017,8.99E+017,6.67E+017,4.23E+017,8.12E+017,2.74E+017
1;09.00.00,47,Bank Persero,4,0,738160,451427,5.18043E+016,4.92528E+017,5.60574E+017,4.9941E+017,1.8992E+017,4.5832E+017,266414,9.56819E+017,8.46E+017,3.33E+017,7.23E+017,7.29E+017,6.37E+017,7.49E+017,3.96E+017,3.31E+017,1.67E+017,7.2E+016,2E+017,1.48E+017,49265,6.71394E+017,5.2E+017,3.39E+017,9.81E+017,4.02E+016,6.24E+017,442551,6.0193E+017,2.33E+017,6.85E+016,976783,55448,2.57941E+017,8.23E+017,282154,8.49461E+017,7.89E+017,5.23E+017,9.09E+016,6.11E+017,3.42E+017,7.22E+017,943835,7.02E+017,7510000000000000,3.04E+017,1.92E+017,6.64E+017,7.06E+016
1;09.00.00,48,Bank Asing,2,1,199480,397876,8.64235E+017,9.72E+017,4.39181E+017,1.81868E+017,3.8911E+017,3.62415E+017,643837,8.34096E+017,4.05E+017,4.63E+017,7.02E+017,9.67E+017,7.29E+017,9.39E+017,5.03E+016,1.44E+017,7.74E+017,5.24E+017,4.7E+017,5.22E+017,442288,1.90498E+017,9.69E+016,7.67E+017,2.95E+017,4.73E+017,8.26E+017,998376,6.82432E+017,9.83E+017,3.42E+017,171595,318660,7.67781E+017,1.23E+017,960013,2.71295E+017,4.93E+016,3.08E+017,9.81E+017,7.19E+017,1.43E+017,3.94E+016,654371,7.56E+017,5.56E+017,1.52E+017,9.26E+017,1.39E+017,6.97E+017
1;09.00.00,49,Bank Swasta Nasional,3,0,922803,818334,3.62977E+016,8.33063E+017,1.79192E+017,3.79607E+017,5.2767E+017,1.19309E+016,643768,5.59585E+017,4.33E+017,6.54E+017,1.63E+017,2.43E+017,8.2E+017,8470000000000001,4.67E+017,6.64E+017,8.96E+017,3.81E+017,9.1E+017,9.74E+017,944647,3.23616E+017,1.88E+017,2.4E+017,2.21E+017,2.98E+017,5.5E+017,26635,2.47177E+016,935000000000000,9.64E+017,103313,466511,3.90898E+017,1.77E+017,145398,8.10643E+017,9.74E+017,5.79E+017,5.93E+017,4.9E+017,1.38E+017,4.43E+017,19775,8.92E+017,8.84E+017,5.74E+017,4.82E+017,1.1E+017,5.38E+017
1;09.00.00,50,Bank Persero,1,1,582175,833251,2.50527E+017,3.44572E+017,6.58399E+017,7.16253E+017,4.7968E+017,4.77579E+017,175160,5.23753E+017,3.58E+017,1.08E+017,5.33E+017,2.18E+017,9.49E+017,2.5E+017,9.26E+017,7.31E+017,9.36E+017,7.14E+017,4.96E+017,3.36E+017,219340,1.49505E+017,3.68E+017,9.9E+017,5.8E+016,3.76E+016,6.57E+017,330393,2.96779E+017,8.44E+017,1.12E+017,657763,665412,3.66116E+017,8.54E+017,211824,1.84938E+017,5.26E+017,8.44E+017,1.06E+017,6.6E+017,4.68E+017,8.33E+017,793550,7.06E+017,3.4E+017,6.24E+017,8.99E+017,7.84E+017,1.71E+017
1;09.00.00,51,Bank Swasta Nasional,1,1,590670,634656,9.16901E+016,5.20459E+017,1.15658E+017,1.65972E+017,1.2046E+017,3.09228E+017,790716,2.07147E+017,4.82E+017,7.95E+017,9.68E+017,5.83E+016,1.41E+017,4.79E+017,6.97E+017,5.27E+017,6.8E+017,1.5E+017,2E+016,2.28E+016,986328,9.94321E+017,9.64E+016,2.24E+017,6.26E+017,5.1E+017,1.21E+017,928788,7.52553E+017,9.18E+016,5.11E+017,273832,995092,7.95496E+017,7.41E+017,561960,3.17358E+017,7.46E+017,5.38E+017,8E+017,3.13E+017,8.76E+017,6.92E+017,629753,8.53E+017,4.71E+017,9.92E+017,5.59E+016,7.19E+016,8.57E+017
1;09.00.00,52,Bank Persero,4,1,697879,46353,5.04504E+017,8.24418E+017,6.61571E+017,4.90311E+017,3.0885E+017,8.68475E+016,337237,1.9297E+017,5.2E+017,9.03E+017,5.44E+017,5.15E+017,7.11E+017,3.16E+017,5.28E+017,5.15E+017,6.31E+016,3.56E+017,2.74E+016,3.42E+017,72363,7.81306E+017,3.45E+017,4.7E+017,2.38E+017,1.44E+017,6.75E+017,373062,7.0815E+017,3.39E+017,5.69E+017,594025,892131,7.38569E+017,3.84E+016,594978,8.60355E+017,2.04E+017,8.49E+017,1.14E+017,7.64E+017,5.37E+017,4.35E+017,404146,2.45E+017,2.2E+017,9.42E+017,7.38E+017,7.92E+017,6.14E+017
1;09.00.00,53,Bank Persero,3,0,374797,712591,6.58727E+017,8.61053E+017,6.23056E+017,4.78589E+017,1.6145E+017,9.83229E+017,628146,2.79125E+017,1.77E+017,7.21E+017,3.31E+017,5.82E+017,2.83E+017,8.09E+017,2.8E+017,9.39E+017,4.56E+017,8.66E+017,3.94E+017,3.54E+016,218081,1.55891E+017,3.61E+017,7.03E+017,9.83E+017,7.61E+017,9.13E+017,455982,5.35726E+017,6.63E+017,5.29E+017,677993,480206,9.7043E+017,6.24E+017,60105,8.71152E+016,9.97E+017,1.99E+017,3.49E+017,7.33E+017,5.52E+017,8.58E+017,294338,7.79E+017,8.62E+017,4.97E+017,9.48E+017,1.66E+017,5.65E+017
1;09.00.00,54,Bank Persero,1,1,763653,963959,7.925E+016,7.40462E+017,5.70575E+017,9.40253E+017,7.8607E+017,5.24389E+017,245079,8.07651E+017,5.92E+017,5.56E+016,5.59E+017,1.29E+017,9.82E+017,6.31E+017,1.98E+017,3.73E+017,3.79E+017,2.07E+017,9.61E+017,8.92E+017,309034,5.11345E+017,4.74E+017,5.21E+016,8.93E+017,8.02E+017,6.77E+017,240048,4.72398E+017,9.41E+017,3.68E+017,243390,909316,5.25372E+017,9.01E+017,127721,4.09028E+017,3.07E+017,7.33E+017,8.84E+016,4.78E+016,8.91E+017,4.1E+017,352762,3.01E+017,7.45E+017,8.62E+017,2.53E+017,5.25E+017,1.02E+017
1;09.00.00,55,BPD,4,1,176484,27569,4.33589E+017,2.81034E+017,8.66675E+017,1.10392E+017,7.7501E+017,4.94616E+017,323232,9.4143E+017,3.09E+017,8.32E+017,3.02E+017,8.52E+017,6.52E+017,4.03E+017,2.04E+017,6.32E+017,9.13E+017,2E+017,6.24E+017,8.18E+017,485821,2.02508E+017,9.45E+016,2.53E+017,3.72E+017,1.6E+017,1.53E+017,52623,8.50783E+017,4.84E+017,4.87E+017,423076,93484,5.33479E+017,1.72E+017,109440,9.57057E+017,6.19E+017,2.62E+017,8.27E+017,1.79E+017,4.42E+017,1.47E+017,389972,3.3E+016,8.73E+017,4.67E+017,2.09E+017,8.78E+017,5.65E+017
1;09.00.00,56,BPD,1,0,836840,291811,9.66224E+017,1.66337E+017,7.33438E+017,2.83109E+017,4.4999E+017,7.59548E+017,903849,4.50187E+017,9.2E+017,7.53E+017,4.65E+017,6.4E+017,5.18E+017,8.68E+017,2.84E+017,7.51E+017,5.45E+017,4.8E+017,9.84E+017,2.22E+017,166288,7.87407E+017,1.35E+017,1.19E+017,8.42E+017,5.59E+017,4.71E+017,656464,5.06494E+017,7.93E+017,1.29E+017,852919,537919,8.47465E+017,5.36E+017,422846,7.41782E+016,9.87E+017,3.53E+017,5.06E+017,4.56E+017,4.82E+017,7.72E+017,270639,6.75E+017,7.73E+017,7.36E+017,1.36E+017,6.9E+017,4.89E+016
1;09.00.00,57,Bank Swasta Nasional,4,0,121012,418727,4.40346E+017,1.39961E+017,6.31521E+017,8.00326E+017,5.8181E+016,7.18816E+017,60962,6.36545E+017,7.25E+017,7.53E+017,4.99E+017,6.02E+017,5.88E+017,5.52E+017,9.96E+016,2.17E+017,3.07E+017,4.92E+017,9.66E+017,2.83E+017,777491,1.77031E+017,7.38E+017,8.51E+016,4.11E+017,8.43E+017,3.27E+017,930891,4.19479E+017,5.18E+016,6.44E+017,827746,833189,8.98329E+017,3.94E+017,837971,9.08439E+017,1.56E+017,7.56E+017,3.2E+017,8.15E+017,6.6E+017,1.62E+017,740703,5.43E+017,1.03E+017,9.19E+017,8.1E+017,1.89E+017,7.99E+017
1;09.00.00,58,Bank Persero,3,1,587070,956523,5.7945E+017,4.80374E+017,7.54007E+017,6.24108E+017,3.458E+017,2.22091E+017,272746,4.88828E+017,6.37E+017,4.4E+017,5.15E+017,6.39E+017,3.07E+017,7.23E+017,2.6E+017,4.55E+017,8.35E+017,4.27E+017,9.1E+017,1.7E+017,521250,1.32991E+017,2.31E+017,2.72E+017,3.93E+017,3.91E+017,7.98E+017,836364,3.0673E+017,6.14E+017,8.33E+017,317876,106510,3.93846E+017,3.5E+017,835522,1.41752E+017,2.59E+017,7.96E+017,8.89E+017,5.43E+017,9.23E+017,4.48E+017,65671,4.58E+017,6.44E+017,9.12E+017,5E+017,5.48E+017,4.28E+017
1;09.00.00,59,BPD,2,0,116038,605393,4.05883E+017,7.65666E+017,2.65195E+017,7.30424E+016,7.1337E+017,9.12381E+017,507479,2.00345E+017,5.76E+017,7.41E+017,4.77E+017,6.33E+017,2.28E+017,5.9E+017,2.04E+017,4.99E+017,1.22E+017,2.01E+017,7.72E+017,5.4E+017,935431,6.10011E+017,7.26E+016,7.16E+017,6.21E+017,1.61E+017,6.25E+017,461670,5.60118E+017,1.49E+017,8.28E+017,512540,593958,5.70676E+017,3.4E+017,810805,4.32753E+016,5.98E+016,3.7E+017,1.18E+016,8.59E+017,1.49E+017,6.76E+017,745141,4.12E+017,4.12E+017,7.78E+016,8.75E+017,4.02E+017,1.99E+017
1;09.00.00,60,Bank Asing,2,0,367735,544707,6.41949E+017,6.86866E+016,1.16256E+017,6.08421E+017,1.1013E+017,1.50159E+017,666222,7.23977E+017,6.8E+017,8.77E+017,9.08E+017,7.03E+017,1.38E+017,4.84E+016,2.8E+017,2.92E+016,6.99E+017,4.43E+016,1.23E+017,3.04E+017,579671,3.58601E+016,2.39E+017,5.88E+017,8.17E+017,5.56E+017,5.25E+017,639912,1.54579E+017,6.32E+017,5.03E+017,884563,210088,9.61723E+017,3.34E+016,367376,9.10202E+017,4.61E+017,1.33E+017,7.82E+017,7.29E+017,3.11E+017,4.5E+017,191795,5920000000000000,5.06E+017,6.51E+017,6.94E+017,9.43E+017,9.02E+017
1;09.00.00,61,Bank Campuran,2,1,458475,199702,4.80853E+017,1.9307E+017,2.43186E+017,3.89152E+017,3.6265E+017,7.26718E+017,517363,7.04758E+017,5.91E+017,8E+017,2.89E+017,8.32E+017,7.63E+017,5.81E+017,1.23E+017,3.68E+017,2.31E+017,7.54E+017,8.53E+016,5.04E+017,929673,2.91348E+017,5.51E+017,7.47E+017,2.22E+017,6.8E+017,4.12E+016,833721,1.8298E+017,6.37E+017,1.69E+017,122130,621404,1.13806E+017,3.54E+017,570710,4.12764E+017,9.95E+017,5.84E+017,1.61E+017,1.1E+016,3.73E+017,1.91E+017,796738,5.66E+017,4.09E+016,8.56E+017,8.03E+017,1.03E+017,3.5E+017
1;09.00.00,62,Bank Asing,1,0,623308,293728,1.80067E+016,7.64511E+017,9.86391E+017,9.98167E+017,4.961E+017,5.0078E+017,364600,8695790000000001,3.34E+017,4.46E+017,3.51E+017,1.56E+017,9.58E+017,6.35E+017,4.21E+017,3.07E+017,6.85E+017,1.37E+016,327000000000000,4.09E+017,667200,1.36797E+017,7.48E+017,8.08E+017,1.09E+017,8.79E+017,1.58E+017,770636,2.06535E+017,8.08E+017,3E+017,293800,733948,7.57288E+017,5.21E+016,844925,8.93771E+016,5.48E+017,6.97E+017,7.09E+017,4.93E+017,6.32E+017,5.29E+017,227571,2.56E+016,5.25E+017,9.96E+017,7.6E+017,1.85E+017,1.99E+017
1;09.00.00,63,Bank Campuran,2,0,413323,516676,5.85356E+017,3.18315E+017,3.30491E+017,2.12444E+017,9.9442E+017,5.46826E+017,58337,3.1882E+017,8.35E+017,2.14E+017,7.45E+017,5.03E+017,9.89E+016,4.04E+017,1.89E+017,5.15E+017,1.04E+017,3.02E+017,4.21E+017,5.69E+017,347239,6.41931E+017,3.87E+017,1.12E+017,7.32E+017,2.55E+017,3.72E+017,317649,5.838E+017,5.12E+017,9.61E+017,776985,716574,3.19943E+016,7.54E+017,973772,6.14713E+016,4.33E+016,4.17E+016,9.41E+017,7.75E+016,6.47E+017,3.25E+017,111187,9.46E+016,1.85E+017,5.03E+017,3.89E+017,7.06E+017,5.15E+017
1;09.00.00,64,Bank Persero,3,0,262260,869683,9.40164E+017,7.46744E+017,7.14998E+017,7.97237E+017,2.648E+017,2.46816E+017,521540,4.7815E+017,2.82E+017,6.64E+017,4.8E+016,4.66E+017,9.13E+016,3.87E+017,3.24E+017,5.65E+017,3.55E+017,5.42E+017,3.16E+017,5.88E+017,333286,2.7194E+017,6.09E+017,5.86E+017,9.28E+017,8.6E+017,2.26E+017,788490,4.62774E+017,2.53E+017,7.92E+017,964962,561472,3.66474E+016,5.42E+017,617102,8.30294E+017,3.9E+017,8.62E+017,7.84E+017,5.5E+016,5.15E+017,8.42E+017,866629,2.74E+017,7.68E+017,7.31E+017,5.6E+017,4.78E+017,3.34E+017
1;09.00.00,65,Bank Campuran,1,1,918498,176481,6.45687E+016,4.75463E+017,6.67481E+017,2.18212E+016,6.4563E+017,9.58495E+017,270693,2.43066E+017,7.87E+016,1.99E+017,7.1E+017,1.86E+016,4.54E+017,4.93E+017,1.2E+017,5.84E+017,9.12E+017,1.04E+017,6.31E+017,4.49E+017,431467,2.01832E+017,4.37E+017,5.98E+017,8.06E+017,4.45E+017,7.57E+017,411409,2.54701E+017,3.05E+017,4.82E+017,628444,105464,8.59487E+017,7.57E+017,525609,4.12483E+017,9.46E+017,6.49E+017,3.25E+017,5.99E+017,4.41E+017,4.52E+017,198093,2.88E+017,9.96E+017,2.6E+017,2.47E+017,8.73E+017,1.86E+017
1;09.00.00,66,Bank Swasta Nasional,2,0,793581,417020,5.79814E+017,3.90453E+017,9.4512E+017,1.54367E+017,5.7154E+016,5.9849E+017,982438,1.32784E+017,3.96E+017,1.48E+017,5.91E+017,5.72E+017,6.22E+017,6.45E+017,1.71E+017,3.59E+017,1.6E+017,8.78E+017,7.67E+017,5.6E+017,578406,1.9078E+017,8.88E+017,1.93E+017,9.41E+017,2.19E+017,2.71E+017,782715,1.1622E+017,3.76E+017,6.33E+017,861774,587188,6.62171E+017,1.14E+017,850811,1.28762E+017,7.01E+017,1.26E+017,1.59E+017,7.08E+016,4.87E+017,7.63E+017,508286,8.32E+016,1.54E+017,5.41E+017,8.94E+017,5.08E+017,4.68E+017
1;09.00.00,67,Bank Campuran,1,0,359182,883892,8.62432E+017,3.10869E+017,8.19107E+016,9.00968E+017,8.3036E+017,6.2804E+016,302438,8.36493E+017,7.45E+017,6.09E+017,6.31E+017,7.33E+017,5.77E+017,4.46E+017,6.69E+017,7.06E+017,2.53E+017,2.3E+017,3.12E+016,2.07E+017,474323,6.69248E+017,6.52E+017,1.47E+017,4.77E+017,9.61E+017,2.62E+017,922785,2.86918E+017,2.49E+016,3.72E+017,153293,864212,6.09233E+017,4.2E+017,495217,4.66725E+017,7.92E+017,1.34E+017,3.29E+017,8.59E+017,4.19E+017,3.95E+017,100945,1.86E+017,4.89E+017,5.75E+017,6.24E+017,2.87E+017,7.3E+017
1;09.00.00,68,Bank Persero,3,1,145899,367241,6.97488E+017,4.36658E+017,8.74317E+017,5.87255E+017,8.5886E+017,3.7323E+017,402397,2.35334E+017,4.33E+017,2.87E+017,3.63E+017,5.91E+017,2.17E+017,9.77E+017,8.74E+017,2.98E+017,7.47E+017,8.02E+017,2.27E+017,7.67E+017,785283,6.31956E+017,7.66E+017,2.41E+017,8.88E+017,4.93E+017,9.98E+017,52290,5.98096E+017,5.68E+017,7.15E+017,925283,301255,3.4261E+017,4.05E+017,448042,1.58617E+016,1.6E+016,3.98E+017,4.93E+017,5.1E+017,7.97E+017,6.82E+017,158205,7.98E+017,1.38E+017,2.85E+017,9.6E+017,2.67E+016,4.67E+017
1;09.00.00,69,BPD,3,0,347114,896898,9.37456E+017,8.30348E+017,5.36166E+017,4.36008E+017,7.5514E+017,3.12303E+017,499518,9.71086E+017,8.44E+017,1.21E+017,3.48E+017,4.85E+017,9.02E+017,3.28E+017,4.04E+017,3.76E+017,6.92E+017,5.67E+017,6.3E+017,6.69E+017,983345,8.74796E+016,2.15E+016,4.08E+017,4.6E+016,4.59E+017,1.45E+017,367947,9.91741E+016,4.58E+016,6.85E+017,272741,13460,7.83187E+017,7.31E+017,463659,7.48628E+017,8E+017,2.6E+017,9.86E+017,1.11E+017,1.76E+017,5.23E+017,533735,2.88E+017,4.89E+017,5.03E+017,8.26E+017,1.01E+017,7.93E+017
1;09.00.00,70,Bank Asing,3,0,559785,395366,9.39928E+017,8.0257E+017,1.7226E+017,9.77012E+017,5.496E+017,2.16385E+017,452525,3.35395E+017,4.5E+017,8.37E+017,2.93E+016,7.86E+016,6.94E+017,8.31E+016,8.79E+017,1.96E+017,2.23E+017,9.31E+017,5.81E+017,6.02E+017,127839,8.0471E+017,9.48E+017,6.68E+017,1.39E+017,4.98E+017,9.49E+017,793821,5.28615E+017,6.19E+017,5.58E+017,709808,715523,6.62957E+017,2.83E+017,724829,3.04005E+017,3.29E+017,3.76E+017,8.33E+017,8.6E+017,2.79E+017,2.43E+017,551938,5.07E+017,2.3E+017,6.09E+017,2.2E+017,9.21E+016,7.22E+016
1;09.00.00,71,Bank Campuran,4,0,767779,635018,8.27297E+017,2.88882E+017,9.7999E+017,1.40079E+017,8.1413E+017,7.76372E+017,118315,5.96922E+017,5.04E+017,9.02E+017,8.21E+017,2.9E+017,7.1E+017,1.03E+017,5.86E+017,4.81E+017,3.04E+017,7.82E+017,5.6E+017,7.11E+017,758303,9.63935E+016,4.46E+017,7.52E+017,9.48E+017,9.58E+016,3.36E+017,129466,9.70398E+017,5.26E+017,6.71E+017,655393,445879,8.59589E+017,1.33E+017,505156,5.64173E+017,3.86E+017,7.93E+017,3.2E+017,3.94E+017,7.05E+017,3.44E+017,253424,9.59E+017,7.42E+017,3.87E+017,6.18E+017,2.81E+017,7.79E+017
1;09.00.00,72,Bank Swasta Nasional,3,0,555448,764001,8.55817E+017,3.25268E+017,5.94844E+017,8.01159E+017,6.3543E+017,1.31203E+017,178849,4.14985E+016,3.99E+017,9.57E+017,6.86E+017,4.06E+017,5.45E+017,7.62E+016,3.85E+017,6.07E+016,1.92E+017,8.91E+017,9.51E+017,8.52E+017,502975,8.62809E+017,1.86E+017,4.44E+017,8.54E+017,1.59E+017,3.78E+017,375468,4.27804E+017,6.13E+017,7.51E+017,590659,536860,5.44882E+017,6.65E+017,905868,7.80052E+017,8.44E+017,6.61E+017,8.67E+017,4.73E+017,9.23E+017,6.29E+017,797845,8.28E+017,1.45E+017,4.92E+016,1.65E+017,9.2E+016,6.52E+016
1;09.00.00,73,Bank Campuran,4,1,785519,82224,2.55483E+017,3.12235E+017,2.78E+016,8.9687E+017,4.31E+017,8.92002E+017,732531,3.20158E+017,1.46E+017,9.24E+017,3.19E+017,7.52E+017,2.88E+016,1.78E+017,7.37E+017,2.7E+017,8.72E+017,6.18E+017,1.45E+017,8.21E+016,420251,9.14302E+017,2.52E+017,8.66E+017,3.88E+017,8.03E+017,2.92E+016,285973,4.47382E+017,2.62E+017,7.01E+017,402843,176295,4.60631E+017,5.38E+017,86324,1.11762E+017,5.05E+017,1.97E+017,7.77E+016,2.09E+017,8.15E+017,7.98E+017,497091,5.45E+017,8.76E+017,4.95E+017,3.4E+017,6.28E+017,2.83E+017
1;09.00.00,74,BPD,4,1,723396,382442,5.44322E+016,6.13005E+017,9.7531E+017,1.88713E+017,5.3599E+017,7.68709E+017,596366,3.35221E+016,2.92E+017,3.69E+016,1.99E+017,5.92E+017,9.01E+017,9.75E+017,9.39E+017,6.36E+017,4.53E+017,2.65E+017,7.05E+017,9.5E+017,831460,6.95005E+017,8.49E+017,3.23E+016,2.91E+017,8.03E+017,1.48E+017,992233,9.50254E+017,3.19E+017,4.73E+017,639106,139294,2.04675E+017,8.93E+017,442293,1.64104E+017,9.57E+017,5.34E+017,3.18E+017,3.98E+017,7.5E+017,3.54E+017,22488,5.85E+017,4.24E+017,2.69E+017,3.33E+017,8.24E+017,1.57E+017
1;09.00.00,75,Bank Persero,1,1,872203,578781,8.14903E+017,9.51128E+017,4.81418E+017,5.62595E+017,9.7946E+016,4.25897E+016,446981,8.94277E+017,3.41E+017,3.17E+017,8.97E+017,1.54E+017,3.59E+017,7.23E+017,2.15E+017,4.85E+017,9.29E+017,7.47E+017,3.29E+016,2.74E+016,478384,4.71828E+017,6.31E+017,8.77E+017,5.51E+017,2.97E+017,6.93E+016,900239,1.2599E+017,9.22E+016,1.28E+017,932384,228286,7.42808E+017,6.17E+017,804742,2.68571E+017,1.51E+017,2.97E+017,9.75E+017,1.46E+017,8.34E+017,8.67E+017,540085,8.87E+017,8.9E+017,7.24E+017,4.76E+017,7.85E+017,9.4E+016
1;09.00.00,76,Bank Persero,3,0,682863,805614,6.18459E+017,4.90322E+016,6.93488E+017,1.78988E+016,7.272E+017,8337930000000000,607173,9.01198E+017,6.15E+017,7.45E+016,4.15E+017,7.95E+017,5.97E+017,8.84E+017,4.04E+017,8.57E+017,7.61E+017,9E+017,1.96E+017,3.65E+017,88426,6.98223E+017,5.52E+017,2.08E+017,4.46E+017,5.33E+017,9.66E+017,353314,1.21007E+017,3.62E+017,5.38E+017,601622,473981,4.86758E+017,1.81E+017,767082,6.65874E+017,6.81E+017,6.52E+017,4.96E+017,8.15E+017,1.21E+016,9.96E+017,645926,4.08E+017,1.91E+016,5.91E+017,9.98E+017,8.44E+017,2.4E+017
1;09.00.00,77,Bank Swasta Nasional,2,0,454801,107350,8.98323E+017,6.70458E+017,7.55452E+017,7.36612E+017,5.4888E+017,3.08606E+017,853409,2.81605E+017,6.31E+016,1.88E+016,5.74E+017,5.31E+017,7.74E+016,7.68E+017,6.41E+017,9.5E+016,1.05E+017,2.88E+017,7.43E+017,8.14E+017,491100,1.66867E+017,4.05E+017,9.35E+017,5.31E+017,1.43E+017,5.2E+017,143984,6.32878E+017,8E+017,7.02E+017,576892,249427,2.14793E+017,7.1E+016,889414,1.65219E+017,3.39E+017,8.09E+017,9.6E+017,6.89E+017,9.39E+016,7.57E+017,532182,7.85E+017,3.38E+017,7.09E+016,7.43E+017,6.22E+017,5.15E+016
1;09.00.00,78,Bank Persero,3,1,610566,807788,7.51723E+017,7.14531E+017,1.71341E+017,8.71144E+017,5.288E+016,6.77066E+017,983253,6.78777E+017,8.48E+017,3.35E+016,6.4E+017,1.41E+017,2.34E+017,9.95E+016,5.29E+017,3.11E+017,8.05E+017,9.35E+017,3.97E+017,3.96E+017,612306,4.67842E+017,2.92E+017,6.82E+017,4.08E+017,7E+017,3.79E+017,988740,3.79048E+017,7.62E+017,8.13E+017,929344,462547,7.64481E+017,9.87E+017,399251,6.81041E+017,7.64E+017,3640000000000000,6.52E+017,8.33E+017,6.07E+017,6.01E+017,319691,3430000000000000,1.88E+017,3.43E+017,1.52E+017,8.94E+017,7.74E+017
1;09.00.00,79,Bank Persero,1,1,22363,880129,1.25359E+017,4.84677E+017,1.37996E+017,3.35272E+017,2.7376E+016,8.72278E+017,725046,9.66697E+017,2.41E+016,7.61E+017,5.44E+017,7.59E+017,5.92E+017,8.14E+017,8.25E+017,9.44E+017,6.64E+017,7.26E+017,2.75E+017,6.45E+017,181997,2.037E+017,1.28E+017,1.48E+017,9.47E+016,6.06E+017,1.3E+017,455055,7.51923E+017,1.47E+017,6.65E+017,315395,786764,7.01708E+017,8.9E+017,401313,8.66925E+017,9.05E+017,1.53E+017,1.36E+017,4.95E+017,8.3E+017,1.21E+017,392782,6.56E+017,1.71E+017,3.69E+017,7.31E+017,4.96E+017,5.5E+017
1;09.00.00,80,Bank Campuran,4,1,146303,362019,2.72221E+017,9.11677E+017,9.0028E+017,8.25629E+017,8.9083E+017,2.83067E+017,227646,1.7039E+016,2.45E+017,1.21E+017,8.81E+017,6.68E+017,4.73E+017,6.5E+017,4.95E+017,7.68E+017,4.25E+017,8.53E+017,8.87E+016,5.36E+017,528745,5.29857E+017,4.04E+017,8.07E+016,2.57E+017,3.37E+017,8.69E+017,785446,1.63694E+017,7.37E+017,7.04E+017,750025,418902,9.07933E+017,8.52E+017,876273,9.79129E+017,9.31E+017,2.14E+017,1.27E+017,9.02E+016,6.98E+016,8.52E+017,308373,4.77E+017,4.38E+017,6110000000000000,3.73E+017,7.51E+017,2.04E+017
1;09.00.00,81,Bank Asing,1,0,659504,202049,9.35333E+017,3.38015E+017,6.58334E+016,2.79025E+017,3.6903E+017,2.89738E+017,378484,7.38472E+017,3.04E+016,3.74E+016,9.3E+017,5.91E+016,4.35E+017,6.95E+016,4.79E+017,7.83E+017,5.71E+016,5.49E+017,6.2E+017,7.44E+017,489635,9.14782E+017,7.07E+017,3.53E+017,1.65E+017,3.91E+017,8.89E+017,667034,3.20713E+017,3.62E+017,9.39E+017,902070,725872,7.2496E+017,5.97E+017,625673,1.85334E+017,4.1E+017,5.3E+017,8.31E+016,7.94E+017,2.54E+017,6.01E+017,204766,1.09E+017,3.59E+017,5.85E+017,9.99E+017,2.09E+017,3.99E+017
1;09.00.00,82,Bank Swasta Nasional,4,0,105127,456695,9.11038E+017,6.38537E+017,2.37625E+017,8.96964E+017,4.8505E+017,8.99474E+017,329534,2.81876E+016,8.29E+017,6.4E+017,4.1E+017,4.55E+017,1.47E+016,6.01E+017,5.31E+017,1.3E+017,6.94E+017,6.33E+017,3.45E+017,2.29E+017,584498,5.10922E+017,7.65E+017,4.16E+017,4.86E+017,7.99E+017,5.47E+017,726725,4.00395E+017,6.96E+017,4.21E+016,564387,16581,7.57544E+017,1.21E+017,414472,8.38694E+017,6.6E+017,4.45E+017,4.64E+017,8.94E+017,6.88E+016,1.87E+017,241748,2.6E+016,6.64E+017,8.16E+016,3.4E+016,1.58E+017,3.8E+017
1;09.00.00,83,BPD,4,1,564070,614506,7.84117E+017,1.94129E+017,1.54411E+017,4.04859E+017,3.1968E+017,9.11645E+017,451408,4.52924E+017,5.55E+017,5.69E+017,5.12E+017,9.36E+017,6.98E+017,3.28E+017,7.28E+017,6E+017,7.13E+017,6.45E+017,8E+017,1.13E+017,211610,2.72927E+017,1.29E+017,2.94E+017,8.03E+017,4.17E+017,8.6E+017,505780,5.57273E+017,8.6E+017,2.56E+017,984337,368854,7.70447E+017,1.53E+017,83628,4497180000000000,1.7E+016,4.58E+017,4.76E+017,8.97E+017,3.15E+017,7.91E+017,201410,6.14E+017,1.15E+017,7.7E+017,2.8E+017,6.2E+017,4.7E+017
1;09.00.00,84,Bank Campuran,3,1,891967,312032,9.06619E+017,5.96986E+017,9.12057E+017,1.49033E+017,8.4942E+017,6.45381E+017,766335,8.99923E+017,8.29E+017,1.66E+017,2.43E+017,2.23E+017,9.51E+017,3.77E+016,8.54E+017,1.38E+017,1.31E+017,5.96E+017,3.89E+017,4.41E+017,416927,3.66477E+017,5.59E+017,8.95E+017,3.57E+017,4.01E+017,8.29E+017,936264,4.49288E+017,4.58E+017,4.07E+017,401588,147075,8.65765E+017,2.11E+017,357778,6.9417E+017,4.34E+017,1.28E+017,4.93E+017,7.79E+017,3.21E+017,6.69E+017,351721,2.32E+017,2.85E+017,8.04E+017,1.33E+017,7.86E+017,2.11E+017
1;09.00.00,85,Bank Asing,4,1,849447,386701,6.09591E+017,3.59244E+017,7.42551E+017,6.45838E+017,2.9504E+017,9.20697E+017,971114,4.18372E+016,4.51E+016,2.87E+017,6.71E+016,6.38E+017,5.11E+017,8.73E+017,9.31E+017,4.48E+017,5.06E+017,4.35E+017,3.85E+017,1.38E+017,197411,7.04081E+016,6.55E+017,5.25E+017,9.72E+016,1.7E+017,7.26E+017,662170,4.39595E+017,1.82E+017,9.53E+017,151705,999279,7.79383E+017,5360000000000000,557517,8.60362E+017,5.9E+017,4.51E+017,4.59E+017,6.7E+017,7.69E+017,7.67E+017,506029,5.86E+016,4.99E+017,2.31E+017,4.52E+017,2.23E+017,5.56E+017
1;09.00.00,86,Bank Swasta Nasional,3,0,366249,778042,8.74904E+017,1.44563E+017,6.41773E+017,1.54769E+017,4.8118E+017,7.88949E+017,201896,8.87513E+017,2.23E+017,1.93E+017,2.71E+017,9.3E+017,6.98E+017,5.12E+017,3130000000000000,3.12E+017,9.75E+017,9.64E+017,2.83E+017,9.95E+017,465565,5.4816E+017,4.9E+017,6.09E+017,5.14E+017,1.53E+017,6.33E+017,129877,3.82859E+017,9.85E+017,3.93E+016,141821,667631,1.13662E+017,2.02E+016,721403,3.56632E+017,7.3E+017,4.7E+017,7.07E+016,8.11E+017,2.32E+017,3E+017,941057,7.78E+017,5.85E+017,4.33E+017,4.01E+017,8.96E+017,7.61E+016
1;09.00.00,87,Bank Swasta Nasional,3,0,384888,899407,1.55598E+017,7.44724E+017,8.83367E+017,7.02814E+017,8.8347E+017,5.26397E+017,776206,5.8944E+017,3.14E+017,5.56E+017,8.38E+017,3.09E+017,9.08E+017,7.84E+017,5.53E+017,3.95E+017,4.3E+017,2.29E+017,5.42E+017,1.41E+017,562292,4.67893E+016,9.39E+017,4.16E+017,6.42E+017,2.17E+017,4.69E+017,218836,1.51451E+017,4.93E+017,9.32E+017,57972,896360,3.85555E+017,5350000000000000,753793,1.87716E+017,7.46E+016,2.81E+017,5.18E+017,2.19E+016,4.4E+017,7.52E+016,814135,3.77E+016,1.39E+016,2.87E+017,4.56E+017,8.76E+017,6.94E+017
1;09.00.00,88,Bank Campuran,2,1,657652,230232,6.37625E+017,3.48249E+017,3.84336E+017,9.27673E+017,1.9062E+017,6.87551E+017,843655,1.46665E+017,3.67E+017,9.39E+017,1.39E+017,1.68E+017,8.13E+016,8.58E+017,2.21E+017,4.95E+017,1.82E+017,6.48E+017,1.05E+017,3.37E+017,673944,9.17208E+017,3.47E+017,9.52E+016,8.19E+017,1.38E+017,6.13E+016,92861,8.95395E+016,3.91E+017,6.49E+017,247895,255738,7.82569E+017,1.27E+017,747485,8.41899E+017,1.06E+017,5.46E+016,6.23E+017,7.19E+017,8.41E+017,2.93E+017,559044,9.94E+017,5.99E+017,7.49E+017,5.58E+017,1.88E+017,8.14E+017
1;09.00.00,89,Bank Campuran,3,0,433138,399258,3.0525E+017,9.67988E+017,2.01726E+017,2.35014E+017,3.3114E+016,2.54034E+016,917934,1.78343E+017,2.48E+017,2.96E+017,2.56E+017,5.31E+017,8.24E+017,5.99E+017,5E+017,8.49E+017,2.75E+017,8.2E+017,3.48E+017,4.06E+017,363392,2.0988E+017,2.47E+017,4.09E+017,8.28E+017,6.02E+017,8.48E+017,760221,9.9481E+017,8.03E+017,6.73E+017,702432,116219,4.4572E+017,8.84E+017,714647,2.88103E+016,5.17E+017,5.9E+017,4.89E+017,8.54E+017,9.4E+017,6.62E+017,943068,3.14E+017,7.13E+017,8.7E+017,2.92E+017,2.9E+017,7.81E+017
1;09.00.00,90,Bank Persero,3,1,230119,133747,3.21052E+017,1.81183E+017,9.03743E+017,3.8853E+017,3.5128E+017,6.85434E+017,751125,1.48739E+017,6.82E+017,8.71E+017,9.53E+017,4.08E+017,8.27E+017,8.9E+017,2.57E+017,5.42E+017,6.81E+017,3.68E+017,9.46E+017,5.32E+017,349117,5.0038E+017,6.3E+017,9.48E+017,4.96E+017,9.61E+017,9.38E+017,502949,8.56385E+017,8.27E+017,3.38E+017,607452,4251,7.58223E+017,1.22E+017,645373,1.95939E+016,1.77E+017,4.13E+017,3.82E+017,3.63E+017,5.24E+017,2.67E+017,588740,9.06E+017,5540000000000000,7.28E+017,6.37E+017,2.89E+017,5.37E+017
1;09.00.00,91,Bank Campuran,2,1,939706,595485,6.10011E+017,4.01918E+017,2.6867E+017,1.39492E+017,5.7654E+017,2.54609E+017,578055,8.63685E+017,6.1E+017,9.92E+017,7.11E+017,6.86E+017,7.75E+016,6.25E+017,5.03E+017,1.27E+016,9.44E+017,9.62E+017,6.25E+017,6.48E+017,232498,5.7545E+017,5.61E+017,7.08E+017,3.17E+017,7.45E+017,4.52E+016,91228,3.5618E+017,9.18E+017,9.62E+017,8712,998098,9.23882E+017,5.74E+017,272997,1.72467E+017,4.04E+017,6.86E+017,1.05E+017,6.61E+017,1.33E+016,5.38E+017,889084,4.2E+017,8.33E+017,2.07E+017,2670000000000000,6.84E+017,8.42E+017
1;09.00.00,92,Bank Swasta Nasional,2,1,428979,714280,5.06468E+017,2.13269E+017,7.59537E+017,3.678E+017,8.9372E+017,1.53459E+017,404296,5.05739E+017,7.39E+017,1.25E+017,2.48E+017,5.52E+017,2.93E+017,6.32E+017,2.01E+017,7.37E+017,1.02E+017,1.55E+017,4.21E+017,3E+017,345936,3.6566E+017,2.27E+016,4E+017,4.62E+017,3.73E+017,6.99E+017,784286,1.63871E+017,6.69E+017,5.7E+017,965976,412244,7.66825E+017,8.61E+017,662595,8.44841E+017,4.88E+017,7.02E+017,8.8E+017,1.6E+017,6.44E+017,4.55E+016,994925,6.23E+017,5.4E+017,6.56E+016,8.74E+017,5.79E+017,9.22E+017
1;09.00.00,93,Bank Campuran,3,1,405023,358685,8.94668E+016,7.7051E+017,2.01266E+017,5.72626E+017,8.0343E+017,9.56967E+017,939943,1.04597E+017,1.04E+017,7.13E+017,8.42E+017,7.94E+017,6.31E+017,5.28E+016,3.48E+017,3.7E+017,3.62E+017,5.01E+017,8.04E+017,9.15E+017,898676,3.22429E+017,7.71E+017,5.88E+017,4.1E+017,9.8E+017,2.15E+017,420465,2.24965E+017,7.19E+017,7.2E+017,35211,845522,2.82895E+017,2.51E+017,726352,1.21519E+017,6.22E+017,4.64E+017,4.09E+017,3.58E+017,2.37E+017,6.3E+017,310141,4.14E+017,6.92E+017,7.86E+017,3.06E+017,6.45E+017,1.94E+017
1;09.00.00,94,BPD,1,0,962454,142744,9.35985E+017,6.81636E+016,7.35071E+017,9.44307E+017,9.1062E+017,5.32705E+017,125453,5.10444E+017,6.78E+017,2.01E+017,8.63E+017,3.58E+017,7.06E+016,7.31E+017,4.84E+017,9.11E+017,9.2E+017,3330000000000000,1.24E+017,4.07E+017,343875,7.88054E+017,1.36E+017,2.63E+017,1.84E+017,5.04E+017,7.25E+017,555089,6.57903E+017,7.46E+016,7.7E+017,194201,501875,9.40542E+017,8.95E+017,685008,2.61442E+017,2.72E+017,4.51E+017,4.23E+017,2.07E+016,4.44E+017,9.62E+017,570269,5.64E+017,1.01E+016,9.93E+017,9.52E+017,1.53E+017,3.26E+017
1;09.00.00,95,BPD,1,0,123514,180191,5.87268E+017,9.21033E+017,8.33351E+017,7.99495E+016,2.3288E+017,4.01893E+017,390593,7.37826E+017,7.24E+017,1.34E+016,6.28E+017,9.39E+017,4.39E+016,2.69E+017,7.85E+017,6.95E+017,8.73E+017,6.61E+017,7.52E+017,3.85E+017,542283,7.39938E+017,3.55E+017,6.92E+017,4.73E+017,1.16E+017,3.89E+017,618084,3.44288E+017,6.22E+017,9.82E+016,470499,169123,9.08349E+017,7.5E+017,694492,5.24143E+017,9.53E+017,3.04E+017,2.12E+017,7.43E+016,6.38E+017,3.52E+017,508721,1.18E+016,6.74E+017,2.06E+017,2.79E+017,4.67E+017,9.42E+017
1;09.00.00,96,Bank Swasta Nasional,1,0,809482,708908,9.78942E+017,1.67985E+017,8.54846E+017,1.46476E+017,5.8541E+017,7.86019E+016,565829,7.01389E+017,6.68E+017,8.88E+017,5.26E+017,8.1E+017,2.87E+016,4.15E+017,7.76E+017,3E+017,3.16E+017,3.45E+017,9.39E+017,3.35E+017,575137,6.35372E+017,1.87E+017,4.77E+017,1.5E+017,3.25E+017,5.08E+017,132202,1.60312E+017,6.51E+017,6.59E+017,519384,177329,1.2932E+017,5.5E+017,350944,9.21258E+016,7.04E+016,7330000000000000,3.1E+017,3.69E+017,5.87E+016,6.42E+016,433714,8E+017,9.57E+017,2.44E+017,7.19E+017,8.4E+017,1.97E+017
1;09.00.00,97,Bank Swasta Nasional,1,0,106499,865135,7.65051E+017,8.51069E+017,5.21961E+017,3.46017E+017,5.5488E+017,6.2401E+017,267829,7.00056E+017,6.61E+017,9.36E+017,6.45E+017,2.62E+016,9.33E+017,1.02E+016,3.7E+017,9.39E+017,9.55E+017,8.84E+017,8.49E+017,6.09E+016,625027,3.97269E+017,9.67E+017,7.73E+016,3.14E+017,4.35E+017,4.94E+017,716711,4.83192E+017,3.43E+017,3.94E+017,721680,503105,4.53847E+017,6.89E+017,653284,1.50216E+017,1.65E+017,1.47E+017,6.79E+017,5.3E+017,3.26E+017,3.16E+017,574856,1.41E+017,2.16E+016,7.61E+017,4.59E+017,1.51E+017,7.16E+017
1;09.00.00,98,Bank Asing,4,1,790850,101708,4.61976E+017,7.15574E+017,5.17975E+017,3.13841E+017,6.1875E+017,4.14509E+017,291417,8.49976E+017,3.21E+017,4.32E+017,1.69E+017,9.16E+017,2.5E+017,1.88E+017,2.7E+017,5.22E+016,7.47E+017,2.01E+016,3.5E+016,2.4E+017,730058,5.67977E+017,3.69E+016,9.07E+017,1.89E+017,4.03E+017,4.72E+017,222349,6.89834E+017,5.33E+017,4.42E+017,852025,336889,1.30287E+017,9.87E+017,174518,6.478E+017,3.54E+017,2.77E+017,1.23E+017,3.97E+017,6.64E+017,3.45E+017,967188,4.62E+017,3.89E+017,5.84E+017,4.42E+017,8.52E+016,3.94E+017
1;09.00.00,99,Bank Campuran,1,1,564245,617211,4.08823E+017,4.58163E+017,1.35288E+017,5.05202E+017,2.708E+017,3.27995E+016,83708,6.87301E+017,7.66E+017,3.45E+017,7.01E+017,6.22E+017,5.96E+017,6.81E+017,7.87E+017,1.79E+017,6.65E+017,5.72E+017,8.74E+017,1.27E+017,391564,5.53104E+017,1.28E+017,9.07E+017,6.53E+017,2.98E+017,4.75E+017,753412,3.37252E+017,9.25E+017,2.04E+017,16922,378681,2.35494E+017,3.72E+017,447143,2.14793E+017,9.67E+016,7.83E+017,1.56E+017,9.05E+017,7.02E+017,9.37E+017,997913,3.67E+017,1.89E+017,6.09E+017,7.18E+017,1.72E+017,5.21E+017
1;09.00.00,100,BPD,4,0,212747,52658,6.93706E+017,1.60662E+017,3.5933E+017,9.11866E+016,5.816E+016,9.79853E+017,219930,4.29072E+017,2.89E+017,8.45E+017,2.91E+017,9.45E+017,5.35E+017,1.24E+017,1.58E+017,8.31E+017,5.14E+017,3.1E+017,4.11E+017,6.58E+017,470239,4.2506E+017,7.39E+017,3.18E+017,3.71E+017,9.16E+017,3.71E+017,850064,6.07512E+017,4.78E+017,7400000000000000,499546,990329,2.11232E+017,3.07E+017,626250,6.78346E+017,6.53E+017,7.17E+017,1.98E+017,7.38E+017,6.16E+017,8.77E+017,418647,6.77E+017,2.21E+017,1.16E+017,1.21E+017,7.96E+017,6.37E+17BE113
1;09.00.00,101,Bank Asing,1,1,413665,780513,7.9934E+016,5.4173E+017,5.99538E+017,3.88066E+017,3.5183E+017,1.90064E+017,322561,2.89364E+017,1.26E+017,7.51E+017,6.65E+017,2.72E+017,4.62E+017,4.46E+017,2.35E+017,1.87E+017,1.06E+017,1.28E+017,3.89E+017,7.55E+017,794349,5.18017E+017,6.21E+017,9.93E+017,6.25E+017,4080000000000000,9.15E+017,437502,8.03315E+017,4.43E+017,5.43E+017,141718,711348,8.9665E+017,6.1E+017,956358,7.32142E+017,9.52E+016,3.28E+017,1.47E+017,8.47E+017,1980000000000000,5.03E+017,772386,5.82E+017,7.42E+017,9.02E+017,9.35E+017,2.09E+017,5.41E+017
1;09.00.00,102,Bank Campuran,2,1,118038,118558,8.86935E+017,4.95631E+017,4.12644E+017,2.16339E+017,1.8325E+017,4.24191E+017,742680,8.57772E+017,4.22E+017,7.84E+017,7.03E+017,3.45E+017,2.4E+017,4.34E+017,2.05E+017,9.32E+017,5.45E+017,7.19E+016,1.25E+017,9.47E+017,435608,6.71383E+017,5.03E+017,5.28E+017,7.37E+017,2.69E+017,2.01E+017,511296,3.33655E+017,8.9E+017,5.89E+017,577246,944345,7.72819E+017,3.35E+017,135712,9.57178E+017,5.82E+017,1.53E+017,4.94E+017,6.43E+017,2.31E+017,7.56E+017,7852,9.22E+017,3.86E+017,4.19E+017,9.74E+016,7.21E+017,9.76E+017
1;09.00.00,103,BPD,3,0,787666,775614,1.74844E+017,4.55984E+016,5.08948E+016,1.12754E+017,3.0027E+017,9.03101E+017,238269,5.68972E+017,8.36E+017,2E+016,2.39E+017,1.87E+017,5.73E+017,7E+017,2.12E+017,3.2E+017,6.01E+017,8.04E+017,8.26E+017,2.71E+017,134689,2.64305E+017,9.8E+017,5.22E+017,4.22E+017,1.32E+017,6.86E+017,81199,2.51788E+017,8.03E+017,8.5E+017,659646,806619,7.24848E+016,7.66E+017,313515,1.16167E+017,4.96E+016,7040000000000000,7.18E+017,6.69E+017,4.15E+017,6550000000000000,643205,6.31E+017,1.91E+017,6.74E+017,6.2E+017,9.52E+017,6.29E+017
1;09.00.00,104,Bank Asing,2,0,119969,953316,7.54761E+017,4.20692E+016,7.57467E+017,7.68884E+017,9.3927E+017,3.83443E+017,411957,6.39101E+017,5.41E+017,7.79E+017,1.41E+016,9.37E+017,8.97E+017,4.76E+017,6.16E+017,2.96E+017,3.75E+017,8.18E+017,5.81E+017,1.57E+017,930890,3.96342E+017,1.45E+017,1.17E+017,6.36E+017,2.49E+017,1.39E+017,112179,2.89519E+017,6.97E+017,9.49E+017,280695,110226,1.73924E+017,9.86E+017,17355,6.09968E+016,1.55E+017,7.61E+017,9.1E+017,8.11E+017,1.98E+017,9.95E+017,29726,6.41E+017,2.21E+017,1.49E+017,4.38E+017,5.38E+017,9.46E+017
1;09.00.00,105,Bank Persero,3,1,640785,597322,8.39817E+017,8.21909E+017,1.83778E+017,4.09043E+017,4.6787E+017,3.11268E+016,642429,7.746E+017,7.96E+017,796000000000000,2.96E+017,1.24E+017,2.04E+017,3.08E+017,8.36E+016,5.43E+017,2.02E+017,9.98E+017,3.61E+017,1.11E+017,121339,3.3513E+017,8.46E+017,9.13E+017,7.61E+017,8.36E+017,2.61E+017,21212,9.0921E+017,8.74E+017,5.12E+017,655671,832380,3.57353E+017,6.41E+017,316894,3.79634E+017,8.43E+017,4.25E+017,2.06E+017,1.23E+017,8.57E+016,6.35E+017,30968,3.62E+017,4.19E+017,6.34E+017,1.78E+017,1.14E+016,3.95E+017
1;09.00.00,106,Bank Persero,3,1,420565,71777,1.37682E+016,5.04185E+017,3.20567E+017,4.12022E+017,3.0385E+017,2.04418E+016,960376,8.59994E+016,5.1E+016,2.4E+017,7.88E+017,2.77E+017,7.56E+016,9.79E+017,9.95E+017,4.77E+017,3.81E+016,4.15E+017,9.75E+017,8.44E+017,678256,2.27383E+017,5.85E+017,6.69E+017,6.57E+017,7.23E+017,6.84E+017,862345,8.42875E+017,1.57E+017,7.85E+017,975426,576295,2.41899E+017,4.29E+017,388600,9.6547E+017,3.05E+017,2.23E+017,9.08E+017,2.93E+017,4.08E+017,3.28E+017,535750,5.49E+017,5.19E+017,7.7E+017,7.63E+017,6.78E+017,4.23E+017
1;09.00.00,107,Bank Persero,2,0,667431,755875,1.41002E+017,1.37415E+017,3.84122E+017,7.4769E+017,2.2935E+016,3.47999E+017,220903,4.27552E+017,4.91E+016,9.35E+017,6.98E+017,2.78E+017,1.68E+017,7.19E+017,4.88E+017,1.41E+017,9.68E+017,3.17E+017,6.52E+017,5.22E+017,347746,9.74442E+017,6.05E+017,5.1E+017,1.92E+017,3.42E+017,6.4E+017,430832,5.22435E+017,9.86E+017,3.3E+017,162079,611429,7.70392E+017,2.24E+017,29506,6.98149E+017,6.29E+017,8.66E+017,5.59E+017,9.64E+017,5.09E+017,1E+017,634628,9.27E+017,9.71E+016,5.8E+017,1.68E+017,5.42E+017,7E+017
1;09.00.00,108,Bank Swasta Nasional,1,1,365680,744698,2.78516E+016,8.45841E+017,5.80977E+017,8.06075E+017,6.6125E+017,1.29876E+017,765814,3.97163E+017,1.78E+017,9.42E+017,7.92E+017,4.79E+017,3E+017,5.01E+017,2.77E+017,2.38E+017,7.76E+017,3.65E+017,3.52E+017,3.91E+017,168448,1.99618E+017,8.44E+017,1.14E+017,1.43E+017,4.13E+017,1.99E+017,42135,4.50951E+017,8.34E+017,5.86E+016,635112,463311,8.35389E+017,2.63E+017,539580,8.02317E+017,9.66E+017,3.56E+017,3.28E+017,6.8E+016,3.22E+017,6.98E+017,936613,8.11E+017,7.16E+017,1.97E+017,3.69E+017,8.97E+016,3.64E+017
1;09.00.00,109,Bank Campuran,2,0,976857,534948,5.77756E+016,6.26686E+017,2.40912E+017,8.62778E+017,2.8154E+017,6.73307E+017,355849,9.88458E+017,1.9E+016,1.57E+016,6.85E+017,5.56E+017,9.96E+017,2.78E+017,6.05E+016,6.63E+017,3.75E+017,3.05E+017,5.3E+017,4.55E+017,718996,6.91044E+017,8.64E+017,6.25E+017,4.68E+017,1.17E+017,2.15E+017,937268,7.44627E+017,1.4E+017,5.76E+017,523342,817844,6.38615E+017,4.96E+017,789059,6.99975E+017,3.53E+017,5.59E+017,9.12E+017,3.23E+016,8.63E+017,4.31E+017,858255,4.67E+017,2.55E+017,9.15E+017,6.82E+017,4.27E+017,1.71E+017
1;09.00.00,110,BPD,4,0,31618,158502,5.15471E+017,3.97361E+017,3.61652E+017,6.60389E+017,5.413E+017,7.53777E+017,480519,2.68785E+017,5.38E+017,2.24E+017,9.37E+017,8.85E+017,4.46E+017,8.66E+017,3.87E+017,3.51E+017,7.36E+017,4.49E+017,9.95E+017,9.73E+017,655643,2.45371E+017,1.9E+017,7.7E+017,6.8E+017,5.54E+017,2.32E+017,781698,2.89657E+017,4.17E+017,3.79E+017,125979,984411,4.00189E+017,8.88E+017,149173,7.2736E+017,1.9E+017,4.5E+017,2.52E+017,8.96E+017,5.74E+017,4.64E+016,149841,2.98E+017,6.74E+017,7.88E+017,2.22E+017,6.02E+017,9.54E+017
1;09.00.00,111,Bank Persero,1,1,570939,670349,7.54696E+017,8.85981E+017,8.75859E+017,2.16981E+016,7.3892E+017,3.67329E+017,794655,4.53357E+017,1.67E+017,7.27E+017,2.04E+017,7.49E+016,7.15E+017,9.46E+017,8.14E+017,5.88E+017,9.46E+017,5.13E+017,1.23E+017,9.18E+017,623444,3.63763E+017,2.56E+017,5.45E+017,1.77E+017,6.99E+017,1.4E+017,828182,8.94921E+017,2.11E+017,3.52E+017,547632,818425,9.10388E+017,6.42E+017,483923,6.4638E+017,9.38E+016,7.88E+017,2.98E+017,6.36E+017,3.02E+017,8.37E+017,772179,2.15E+017,7.94E+017,6.12E+016,1.89E+016,2.98E+017,3.51E+017
1;09.00.00,112,Bank Asing,3,0,532252,738209,7.54872E+017,4.82808E+017,6.06709E+017,7.59236E+017,6.542E+017,8.20783E+017,137366,7.25524E+017,1.62E+017,3.39E+017,3.21E+017,5.3E+016,9.87E+017,5.47E+017,9.43E+017,8.25E+017,4.51E+017,3.95E+017,3.96E+017,1.44E+017,139782,8.31256E+017,4.56E+017,5.6E+017,4.95E+017,4.39E+017,2.29E+017,603170,9.49961E+017,8.62E+016,5.83E+017,272043,346756,5.19991E+017,2.6E+017,987404,3.67823E+017,7.16E+017,6.25E+017,9.04E+017,6.8E+017,9.65E+017,7.53E+017,566566,8.03E+017,6.42E+017,4.67E+017,2.05E+017,3.19E+017,4.66E+017
1;09.00.00,113,Bank Persero,4,1,384028,639423,8.88494E+017,7.7685E+017,3.50847E+017,5.75745E+016,1.6336E+017,1.53864E+017,284106,1.96262E+017,5.5E+017,7.28E+017,6.84E+017,7.67E+017,3.7E+017,6.08E+017,7.04E+017,9.77E+017,1.27E+017,7.55E+017,2.37E+017,9.65E+017,283191,2.75582E+017,9.63E+017,4.47E+017,8.96E+017,4.37E+017,9.12E+017,769524,9.3469E+017,4.46E+017,2.23E+017,366656,818595,1.39543E+017,1.73E+017,616723,9.14277E+017,2.45E+017,3.57E+017,2.85E+017,8.87E+016,9.19E+017,4.09E+017,884344,8.76E+017,6.96E+017,5.68E+017,7.78E+017,4.85E+017,7.44E+017
1;09.00.00,114,BPD,1,1,819860,498548,8.16638E+017,8.72842E+017,8.30036E+017,2.32572E+017,8.7318E+017,9.12174E+017,566247,6.66795E+016,3.69E+017,1.61E+017,5.93E+017,1.21E+017,1.69E+017,7.4E+017,1.52E+017,1.89E+017,9.48E+017,3.49E+017,5.17E+017,1.52E+017,954744,8.5543E+017,3.93E+017,4.81E+017,4.98E+017,6.34E+017,4.21E+017,303371,4.59294E+017,3.14E+017,8.46E+016,855099,102455,2.89438E+016,2.13E+017,276897,5.25687E+017,9.91E+017,1.06E+017,1.68E+017,1040000000000000,4.97E+017,9.27E+017,217134,2.18E+016,5.7E+017,8.43E+017,1.67E+016,9.34E+017,2.58E+017
1;09.00.00,115,Bank Persero,2,0,67031,795759,4.53694E+017,5.45122E+017,6.8904E+017,3.39459E+016,8.0331E+017,7.60429E+017,390530,7.46359E+017,6E+017,5.24E+017,8.75E+017,2.47E+017,7.18E+017,7.66E+017,6.88E+017,5.04E+017,9.6E+017,5.11E+017,7.77E+016,3.88E+017,695605,7.56713E+017,9.14E+017,9.62E+017,3.55E+017,2.74E+017,3.15E+016,866858,2.81171E+017,5.65E+017,7.85E+017,467905,284066,9.29955E+017,5.68E+017,934832,7.80134E+016,7.34E+017,2.6E+017,3.11E+017,2.09E+017,3.16E+017,3.42E+017,926227,1150000000000000,1.3E+017,1.86E+017,7.42E+017,3.57E+017,4.13E+017
1;09.00.00,116,Bank Swasta Nasional,1,1,645278,97954,9.29007E+017,9.88442E+017,5.9678E+017,7.89108E+017,1.4938E+017,6.12647E+017,757147,2.53619E+017,2.91E+016,1.59E+016,3.91E+017,6.11E+017,3.92E+016,8.55E+017,3.96E+017,6.44E+017,3.79E+017,5.09E+017,7.54E+017,9.24E+015,734700,6.16558E+016,4.42E+016,7.37E+017,8.26E+017,3.6E+017,5.7E+017,682702,5.22899E+017,7.38E+017,7.4E+017,111514,837907,8.28731E+017,5.47E+017,390289,3.87315E+017,2.85E+017,9.94E+017,2.55E+017,9.39E+017,9.94E+017,4.28E+017,209009,1.38E+016,2.1E+017,8.26E+016,4.5E+017,1.26E+017,1.81E+017
